{"stats":{"minecraft:mined":{"minecraft:acacia_leaves":1,"minecraft:birch_log":20,"minecraft:crafting_table":3,"minecraft:short_grass":3,"minecraft:acacia_log":6,"minecraft:grass_block":4,"minecraft:melon":2,"minecraft:dirt":7,"minecraft:tall_grass":1,"minecraft:stone":14},"minecraft:used":{"minecraft:stone_pickaxe":11,"minecraft:wooden_pickaxe":3,"minecraft:stone_axe":30,"minecraft:crafting_table":3},"minecraft:custom":{"minecraft:time_since_rest":4949,"minecraft:sprint_one_cm":28350,"minecraft:walk_one_cm":14638,"minecraft:damage_taken":515,"minecraft:mob_kills":3,"minecraft:drop":10,"minecraft:damage_dealt":426,"minecraft:interact_with_crafting_table":3,"minecraft:fly_one_cm":28675,"minecraft:player_kills":1,"minecraft:crouch_one_cm":57,"minecraft:play_time":6927,"minecraft:deaths":1,"minecraft:sneak_time":21,"minecraft:jump":110,"minecraft:time_since_death":4922,"minecraft:walk_on_water_one_cm":122,"minecraft:total_world_time":6927,"minecraft:fall_one_cm":5976},"minecraft:crafted":{"minecraft:crafting_table":1,"minecraft:stick":8,"minecraft:wooden_pickaxe":1,"minecraft:stone_pickaxe":1,"minecraft:acacia_planks":24,"minecraft:stone_axe":1},"minecraft:dropped":{"minecraft:stone_axe":1,"minecraft:stone_sword":1,"minecraft:crafting_table":1,"minecraft:cobblestone":11,"minecraft:spider_eye":1,"minecraft:wooden_pickaxe":1,"minecraft:stone_pickaxe":1,"minecraft:string":1,"minecraft:acacia_planks":1,"minecraft:stick":1},"minecraft:picked_up":{"minecraft:birch_log":20,"minecraft:stick":1,"minecraft:crafting_table":4,"minecraft:wooden_pickaxe":1,"minecraft:acacia_log":6,"minecraft:dirt":11,"minecraft:string":1,"minecraft:spider_eye":1,"minecraft:stone_sword":1,"minecraft:acacia_planks":1,"minecraft:stone_axe":1,"minecraft:stone_pickaxe":1,"minecraft:melon_slice":12,"minecraft:mutton":5,"minecraft:white_wool":3,"minecraft:cobblestone":25},"minecraft:killed":{"minecraft:sheep":3}},"DataVersion":3953}