{"stats":{"minecraft:mined":{"minecraft:tuff":20,"minecraft:acacia_leaves":2,"minecraft:crafting_table":8,"minecraft:torch":1,"minecraft:granite":3,"minecraft:short_grass":17,"minecraft:acacia_log":29,"minecraft:grass_block":5,"minecraft:melon":10,"minecraft:jungle_log":1,"minecraft:tall_grass":1,"minecraft:cyan_bed":2,"minecraft:diorite":16,"minecraft:furnace":2,"minecraft:birch_log":20,"minecraft:iron_ore":10,"minecraft:cobbled_deepslate":1,"minecraft:birch_leaves":3,"minecraft:andesite":8,"minecraft:yellow_bed":1,"minecraft:peony":1,"minecraft:coal_ore":6,"minecraft:oak_log":7,"minecraft:deepslate_iron_ore":2,"minecraft:gravel":4,"minecraft:dirt":9,"minecraft:stone":62,"minecraft:oak_leaves":8,"minecraft:deepslate":94},"minecraft:killed_by":{"minecraft:player":1,"minecraft:spider":1,"minecraft:zombie":2},"minecraft:used":{"minecraft:water_bucket":1,"minecraft:stone_pickaxe":214,"minecraft:wooden_pickaxe":14,"minecraft:torch":1,"minecraft:dirt":1,"minecraft:crafting_table":9,"minecraft:tuff":11,"minecraft:wooden_axe":53,"minecraft:bread":5,"minecraft:cyan_bed":2,"minecraft:stone_axe":42,"minecraft:furnace":2,"minecraft:bucket":2,"minecraft:egg":1,"minecraft:cobbled_deepslate":60},"minecraft:custom":{"minecraft:interact_with_furnace":8,"minecraft:mob_kills":16,"minecraft:interact_with_crafting_table":16,"minecraft:leave_game":1,"minecraft:time_since_death":5466,"minecraft:sleep_in_bed":2,"minecraft:climb_one_cm":390,"minecraft:time_since_rest":5539,"minecraft:sprint_one_cm":155640,"minecraft:damage_taken":2273,"minecraft:walk_one_cm":92993,"minecraft:drop":12,"minecraft:damage_dealt":1939,"minecraft:talked_to_villager":6,"minecraft:swim_one_cm":15103,"minecraft:fly_one_cm":210671,"minecraft:player_kills":1,"minecraft:open_chest":3,"minecraft:crouch_one_cm":292,"minecraft:play_time":42123,"minecraft:deaths":7,"minecraft:sneak_time":136,"minecraft:walk_under_water_one_cm":5285,"minecraft:jump":883,"minecraft:walk_on_water_one_cm":5956,"minecraft:total_world_time":42123,"minecraft:fall_one_cm":30151},"minecraft:crafted":{"minecraft:oak_planks":28,"minecraft:cooked_porkchop":1,"minecraft:crafting_table":4,"minecraft:wooden_pickaxe":3,"minecraft:furnace":1,"minecraft:bucket":1,"minecraft:stone_axe":1,"minecraft:air":0,"minecraft:jungle_planks":4,"minecraft:stick":32,"minecraft:iron_pickaxe":1,"minecraft:iron_ingot":6,"minecraft:stone_pickaxe":2,"minecraft:wooden_axe":3,"minecraft:acacia_planks":64},"minecraft:dropped":{"minecraft:stone_axe":1,"minecraft:stone_sword":1,"minecraft:crafting_table":1,"minecraft:cobblestone":11,"minecraft:totem_of_undying":1,"minecraft:stick":1,"minecraft:peony":1,"minecraft:spider_eye":1,"minecraft:wooden_pickaxe":1,"minecraft:stone_pickaxe":1,"minecraft:string":1,"minecraft:acacia_planks":1},"minecraft:picked_up":{"minecraft:birch_log":20,"minecraft:feather":1,"minecraft:crafting_table":9,"minecraft:chicken":1,"minecraft:cooked_beef":2,"minecraft:jungle_log":1,"minecraft:andesite":8,"minecraft:leather":4,"minecraft:wooden_pickaxe":1,"minecraft:tuff":20,"minecraft:oak_log":7,"minecraft:yellow_bed":1,"minecraft:dirt":14,"minecraft:string":1,"minecraft:acacia_planks":1,"minecraft:cobbled_deepslate":95,"minecraft:beef":8,"minecraft:stone_pickaxe":3,"minecraft:light_gray_wool":1,"minecraft:melon_slice":49,"minecraft:egg":1,"minecraft:furnace":2,"minecraft:stick":1,"minecraft:raw_iron":12,"minecraft:torch":1,"minecraft:acacia_log":29,"minecraft:gravel":4,"minecraft:porkchop":4,"minecraft:diorite":16,"minecraft:cyan_bed":2,"minecraft:spider_eye":1,"minecraft:stone_sword":1,"minecraft:peony":1,"minecraft:stone_axe":1,"minecraft:granite":3,"minecraft:bread":31,"minecraft:coal":6,"minecraft:mutton":12,"minecraft:white_wool":7,"minecraft:cobblestone":73},"minecraft:killed":{"minecraft:pig":2,"minecraft:sheep":8,"minecraft:zombie":1,"minecraft:chicken":1,"minecraft:cow":4}},"DataVersion":3953}