{"stats":{"minecraft:mined":{"minecraft:tuff":75,"minecraft:deepslate_diamond_ore":36,"minecraft:granite":3,"minecraft:acacia_log":29,"minecraft:grass_block":8,"minecraft:jungle_log":19,"minecraft:furnace":6,"minecraft:iron_ore":10,"minecraft:cobbled_deepslate":3,"minecraft:andesite":8,"minecraft:deepslate_lapis_ore":4,"minecraft:peony":1,"minecraft:deepslate_iron_ore":12,"minecraft:vine":3,"minecraft:stone":62,"minecraft:deepslate_redstone_ore":2,"minecraft:acacia_leaves":2,"minecraft:crafting_table":20,"minecraft:torch":1,"minecraft:short_grass":48,"minecraft:melon":16,"minecraft:chest":1,"minecraft:tall_grass":1,"minecraft:cyan_bed":2,"minecraft:deepslate_gold_ore":2,"minecraft:diorite":16,"minecraft:birch_log":20,"minecraft:birch_leaves":3,"minecraft:yellow_bed":1,"minecraft:oak_log":24,"minecraft:coal_ore":6,"minecraft:dirt":14,"minecraft:gravel":5,"minecraft:fern":11,"minecraft:oak_leaves":11,"minecraft:deepslate":593},"minecraft:killed_by":{"minecraft:player":1,"minecraft:spider":1,"minecraft:zombie":2},"minecraft:used":{"minecraft:chest":1,"minecraft:cooked_chicken":4,"minecraft:torch":1,"minecraft:dirt":1,"minecraft:tuff":11,"minecraft:wooden_axe":54,"minecraft:furnace":6,"minecraft:egg":3,"minecraft:cobbled_deepslate":77,"minecraft:cooked_mutton":4,"minecraft:water_bucket":1,"minecraft:stone_pickaxe":261,"minecraft:oak_planks":10,"minecraft:wooden_pickaxe":25,"minecraft:crafting_table":19,"minecraft:white_bed":1,"minecraft:black_bed":1,"minecraft:diamond_pickaxe":551,"minecraft:cyan_bed":2,"minecraft:bread":5,"minecraft:iron_pickaxe":7,"minecraft:stone_axe":92,"minecraft:diamond_sword":63,"minecraft:cobblestone":2,"minecraft:bucket":2,"minecraft:yellow_bed":1},"minecraft:custom":{"minecraft:mob_kills":28,"minecraft:interact_with_crafting_table":31,"minecraft:leave_game":1,"minecraft:time_since_death":53466,"minecraft:climb_one_cm":1116,"minecraft:sprint_one_cm":243809,"minecraft:walk_one_cm":203742,"minecraft:drop":45,"minecraft:talked_to_villager":6,"minecraft:play_time":90123,"minecraft:deaths":7,"minecraft:sneak_time":576,"minecraft:walk_under_water_one_cm":6303,"minecraft:jump":1383,"minecraft:walk_on_water_one_cm":8087,"minecraft:total_world_time":90123,"minecraft:interact_with_furnace":32,"minecraft:sleep_in_bed":6,"minecraft:time_since_rest":11729,"minecraft:damage_taken":2598,"minecraft:damage_dealt":3239,"minecraft:player_kills":2,"minecraft:swim_one_cm":15103,"minecraft:fly_one_cm":298861,"minecraft:open_chest":5,"minecraft:crouch_one_cm":1173,"minecraft:fall_one_cm":40374},"minecraft:dropped":{"minecraft:wheat_seeds":8,"minecraft:oak_log":16,"minecraft:diamond":6,"minecraft:crafting_table":1,"minecraft:feather":8,"minecraft:cobblestone":11,"minecraft:chest_minecart":1,"minecraft:rail":17,"minecraft:stick":1,"minecraft:dirt":8,"minecraft:wooden_axe":1,"minecraft:armadillo_scute":3,"minecraft:sugar":2,"minecraft:iron_pickaxe":1,"minecraft:string":1,"minecraft:acacia_planks":1,"minecraft:redstone":36,"minecraft:gravel":18,"minecraft:stone_axe":1,"minecraft:sugar_cane":64,"minecraft:detector_rail":4,"minecraft:stone_sword":1,"minecraft:cocoa_beans":6,"minecraft:totem_of_undying":1,"minecraft:poppy":1,"minecraft:peony":1,"minecraft:melon_seeds":6,"minecraft:jungle_log":18,"minecraft:spider_eye":1,"minecraft:bamboo":1,"minecraft:bow":1,"minecraft:stone_pickaxe":2,"minecraft:wooden_pickaxe":3,"minecraft:raw_gold":2,"minecraft:egg":1},"minecraft:crafted":{"minecraft:oak_planks":28,"minecraft:cooked_chicken":7,"minecraft:furnace":2,"minecraft:cooked_mutton":4,"minecraft:diamond_helmet":1,"minecraft:diamond_leggings":1,"minecraft:stone_pickaxe":3,"minecraft:diamond_boots":1,"minecraft:diamond_sword":1,"minecraft:cooked_porkchop":1,"minecraft:crafting_table":5,"minecraft:wooden_pickaxe":3,"minecraft:bucket":1,"minecraft:stone_axe":2,"minecraft:acacia_boat":1,"minecraft:air":0,"minecraft:jungle_planks":4,"minecraft:diamond_pickaxe":1,"minecraft:stick":40,"minecraft:iron_ingot":6,"minecraft:iron_pickaxe":1,"minecraft:wooden_axe":3,"minecraft:white_bed":1,"minecraft:acacia_planks":92,"minecraft:diamond_chestplate":1},"minecraft:picked_up":{"minecraft:cocoa_beans":6,"minecraft:crafting_table":21,"minecraft:chicken":7,"minecraft:chest_minecart":1,"minecraft:wooden_pickaxe":2,"minecraft:string":1,"minecraft:detector_rail":4,"minecraft:cobbled_deepslate":810,"minecraft:beef":8,"minecraft:poppy":1,"minecraft:iron_pickaxe":1,"minecraft:light_gray_wool":1,"minecraft:melon_slice":83,"minecraft:sugar_cane":64,"minecraft:chest":1,"minecraft:furnace":6,"minecraft:egg":4,"minecraft:raw_iron":21,"minecraft:stick":2,"minecraft:torch":1,"minecraft:acacia_log":29,"minecraft:porkchop":4,"minecraft:diorite":16,"minecraft:redstone":36,"minecraft:stone_sword":1,"minecraft:peony":1,"minecraft:armadillo_scute":3,"minecraft:mutton":16,"minecraft:white_wool":10,"minecraft:rail":17,"minecraft:cobblestone":73,"minecraft:birch_log":20,"minecraft:feather":8,"minecraft:cooked_beef":2,"minecraft:andesite":8,"minecraft:jungle_log":19,"minecraft:leather":4,"minecraft:flint":1,"minecraft:tuff":108,"minecraft:oak_log":23,"minecraft:yellow_bed":1,"minecraft:lapis_lazuli":28,"minecraft:dirt":22,"minecraft:acacia_planks":1,"minecraft:bow":1,"minecraft:wheat_seeds":10,"minecraft:raw_gold":4,"minecraft:stone_pickaxe":3,"minecraft:bamboo":65,"minecraft:oak_planks":2,"minecraft:gravel":22,"minecraft:cyan_bed":2,"minecraft:spider_eye":1,"minecraft:sugar":2,"minecraft:diamond":35,"minecraft:stone_axe":1,"minecraft:granite":3,"minecraft:bread":31,"minecraft:melon_seeds":6,"minecraft:coal":11},"minecraft:killed":{"minecraft:skeleton":1,"minecraft:panda":3,"minecraft:chicken":7,"minecraft:pig":2,"minecraft:sheep":10,"minecraft:zombie":1,"minecraft:cow":4}},"DataVersion":3953}