{"stats":{"minecraft:mined":{"minecraft:tuff":75,"minecraft:deepslate_diamond_ore":48,"minecraft:jungle_leaves":10,"minecraft:granite":6,"minecraft:acacia_log":29,"minecraft:grass_block":137,"minecraft:jungle_log":28,"minecraft:furnace":8,"minecraft:iron_ore":11,"minecraft:cobbled_deepslate":15,"minecraft:andesite":11,"minecraft:deepslate_lapis_ore":5,"minecraft:peony":1,"minecraft:dirt_path":1,"minecraft:deepslate_iron_ore":17,"minecraft:vine":7,"minecraft:stone":211,"minecraft:deepslate_redstone_ore":2,"minecraft:acacia_leaves":2,"minecraft:clay":13,"minecraft:crafting_table":22,"minecraft:torch":1,"minecraft:short_grass":77,"minecraft:melon":28,"minecraft:chest":2,"minecraft:dead_bush":6,"minecraft:tall_grass":1,"minecraft:cyan_bed":2,"minecraft:deepslate_gold_ore":3,"minecraft:diorite":30,"minecraft:birch_log":20,"minecraft:birch_leaves":3,"minecraft:yellow_bed":1,"minecraft:oak_log":40,"minecraft:coal_ore":30,"minecraft:cocoa":1,"minecraft:sand":1,"minecraft:dirt":20,"minecraft:gravel":15,"minecraft:terracotta":1,"minecraft:fern":19,"minecraft:oak_leaves":13,"minecraft:deepslate":1052},"minecraft:killed_by":{"minecraft:player":1,"minecraft:spider":1,"minecraft:zombie":2},"minecraft:used":{"minecraft:iron_shovel":171,"minecraft:chest":2,"minecraft:shield":1,"minecraft:cooked_chicken":6,"minecraft:torch":58,"minecraft:dirt":58,"minecraft:tuff":11,"minecraft:wooden_axe":54,"minecraft:furnace":9,"minecraft:egg":3,"minecraft:cobbled_deepslate":354,"minecraft:cooked_mutton":4,"minecraft:diorite":4,"minecraft:water_bucket":1,"minecraft:stone_pickaxe":261,"minecraft:oak_planks":10,"minecraft:wooden_pickaxe":25,"minecraft:terracotta":1,"minecraft:crafting_table":22,"minecraft:white_bed":1,"minecraft:black_bed":1,"minecraft:diamond_pickaxe":1247,"minecraft:acacia_door":4,"minecraft:melon_slice":29,"minecraft:cyan_bed":2,"minecraft:bread":5,"minecraft:iron_pickaxe":7,"minecraft:stone_axe":142,"minecraft:diamond_sword":113,"minecraft:cobblestone":2,"minecraft:bucket":2,"minecraft:yellow_bed":1,"minecraft:oak_boat":2},"minecraft:custom":{"minecraft:mob_kills":39,"minecraft:interact_with_crafting_table":47,"minecraft:leave_game":1,"minecraft:time_since_death":125466,"minecraft:climb_one_cm":2353,"minecraft:sprint_one_cm":396236,"minecraft:walk_one_cm":328676,"minecraft:damage_blocked_by_shield":14,"minecraft:drop":69,"minecraft:talked_to_villager":6,"minecraft:play_time":162123,"minecraft:deaths":7,"minecraft:sneak_time":1104,"minecraft:walk_under_water_one_cm":8547,"minecraft:boat_one_cm":66500,"minecraft:jump":2287,"minecraft:walk_on_water_one_cm":9373,"minecraft:total_world_time":162123,"minecraft:interact_with_furnace":59,"minecraft:sleep_in_bed":6,"minecraft:time_since_rest":83729,"minecraft:damage_taken":2923,"minecraft:damage_dealt":4700,"minecraft:player_kills":2,"minecraft:swim_one_cm":23097,"minecraft:fly_one_cm":443985,"minecraft:open_chest":35,"minecraft:crouch_one_cm":2539,"minecraft:fall_one_cm":59647},"minecraft:crafted":{"minecraft:oak_planks":92,"minecraft:cooked_chicken":9,"minecraft:furnace":3,"minecraft:cooked_mutton":4,"minecraft:flint_and_steel":1,"minecraft:diamond_helmet":1,"minecraft:diamond_leggings":1,"minecraft:stone_pickaxe":3,"minecraft:diamond_boots":1,"minecraft:diamond_sword":1,"minecraft:cooked_porkchop":1,"minecraft:crafting_table":5,"minecraft:wooden_pickaxe":3,"minecraft:bucket":2,"minecraft:stone_axe":2,"minecraft:acacia_boat":1,"minecraft:air":0,"minecraft:jungle_planks":4,"minecraft:oak_boat":1,"minecraft:diamond_pickaxe":1,"minecraft:shield":1,"minecraft:stick":72,"minecraft:iron_ingot":19,"minecraft:iron_pickaxe":1,"minecraft:wooden_axe":3,"minecraft:iron_shovel":1,"minecraft:acacia_door":3,"minecraft:white_bed":1,"minecraft:acacia_planks":92,"minecraft:torch":100,"minecraft:diamond_chestplate":1},"minecraft:dropped":{"minecraft:iron_ingot":7,"minecraft:wheat_seeds":14,"minecraft:oak_log":16,"minecraft:diamond":18,"minecraft:crafting_table":1,"minecraft:feather":9,"minecraft:cobblestone":11,"minecraft:chest_minecart":1,"minecraft:granite":3,"minecraft:rail":17,"minecraft:stick":1,"minecraft:dirt":8,"minecraft:diorite":14,"minecraft:torch":37,"minecraft:wooden_axe":1,"minecraft:brown_terracotta":3,"minecraft:jungle_sapling":1,"minecraft:armadillo_scute":4,"minecraft:sugar":2,"minecraft:iron_pickaxe":1,"minecraft:string":1,"minecraft:acacia_planks":1,"minecraft:redstone":42,"minecraft:gravel":25,"minecraft:stone_axe":2,"minecraft:sugar_cane":64,"minecraft:cobbled_deepslate":3,"minecraft:detector_rail":4,"minecraft:stone_sword":1,"minecraft:cocoa_beans":15,"minecraft:clay_ball":60,"minecraft:totem_of_undying":1,"minecraft:red_terracotta":4,"minecraft:poppy":1,"minecraft:orange_terracotta":7,"minecraft:peony":1,"minecraft:andesite":4,"minecraft:melon_seeds":6,"minecraft:jungle_log":18,"minecraft:spider_eye":1,"minecraft:bamboo":1,"minecraft:red_sand":1,"minecraft:bow":1,"minecraft:stone_pickaxe":2,"minecraft:wooden_pickaxe":3,"minecraft:raw_gold":2,"minecraft:egg":2},"minecraft:picked_up":{"minecraft:cocoa_beans":15,"minecraft:crafting_table":23,"minecraft:chicken":11,"minecraft:clay_ball":60,"minecraft:chest_minecart":1,"minecraft:wooden_pickaxe":2,"minecraft:string":1,"minecraft:acacia_door":2,"minecraft:red_sand":1,"minecraft:detector_rail":4,"minecraft:cobbled_deepslate":1773,"minecraft:beef":16,"minecraft:oak_boat":1,"minecraft:jungle_sapling":1,"minecraft:poppy":1,"minecraft:iron_pickaxe":1,"minecraft:light_gray_wool":1,"minecraft:melon_slice":146,"minecraft:sugar_cane":64,"minecraft:chest":2,"minecraft:furnace":8,"minecraft:egg":6,"minecraft:raw_iron":27,"minecraft:stick":4,"minecraft:brown_terracotta":3,"minecraft:torch":2,"minecraft:acacia_log":29,"minecraft:porkchop":4,"minecraft:diorite":34,"minecraft:redstone":42,"minecraft:arrow":1,"minecraft:stone_sword":1,"minecraft:peony":1,"minecraft:armadillo_scute":4,"minecraft:mutton":16,"minecraft:white_wool":13,"minecraft:rail":17,"minecraft:cobblestone":201,"minecraft:birch_log":20,"minecraft:feather":10,"minecraft:cooked_beef":2,"minecraft:andesite":12,"minecraft:jungle_log":27,"minecraft:leather":7,"minecraft:flint":5,"minecraft:tuff":196,"minecraft:oak_log":39,"minecraft:yellow_bed":1,"minecraft:acacia_boat":1,"minecraft:lapis_lazuli":65,"minecraft:dirt":147,"minecraft:orange_terracotta":7,"minecraft:bone":1,"minecraft:acacia_planks":1,"minecraft:bow":1,"minecraft:wheat_seeds":20,"minecraft:raw_gold":7,"minecraft:iron_ingot":1,"minecraft:stone_pickaxe":3,"minecraft:bamboo":129,"minecraft:oak_planks":3,"minecraft:sand":1,"minecraft:gravel":29,"minecraft:cyan_bed":2,"minecraft:red_terracotta":4,"minecraft:spider_eye":1,"minecraft:sugar":2,"minecraft:diamond":47,"minecraft:stone_axe":2,"minecraft:granite":6,"minecraft:bread":31,"minecraft:terracotta":1,"minecraft:dark_oak_fence":1,"minecraft:oak_sapling":1,"minecraft:melon_seeds":6,"minecraft:coal":42},"minecraft:killed":{"minecraft:armadillo":1,"minecraft:skeleton":1,"minecraft:panda":3,"minecraft:chicken":11,"minecraft:pig":2,"minecraft:sheep":10,"minecraft:zombie":3,"minecraft:cow":8}},"DataVersion":3953}