{"stats":{"minecraft:mined":{"minecraft:acacia_leaves":1,"minecraft:crafting_table":7,"minecraft:torch":1,"minecraft:granite":3,"minecraft:short_grass":12,"minecraft:acacia_log":22,"minecraft:grass_block":5,"minecraft:melon":10,"minecraft:tall_grass":1,"minecraft:cyan_bed":2,"minecraft:diorite":16,"minecraft:furnace":2,"minecraft:birch_log":20,"minecraft:iron_ore":10,"minecraft:andesite":8,"minecraft:gravel":4,"minecraft:dirt":9,"minecraft:stone":60,"minecraft:deepslate":10},"minecraft:killed_by":{"minecraft:player":1,"minecraft:zombie":2},"minecraft:used":{"minecraft:water_bucket":1,"minecraft:stone_pickaxe":107,"minecraft:wooden_pickaxe":6,"minecraft:torch":1,"minecraft:dirt":1,"minecraft:crafting_table":7,"minecraft:wooden_axe":32,"minecraft:cyan_bed":2,"minecraft:bread":5,"minecraft:stone_axe":42,"minecraft:furnace":2,"minecraft:bucket":2},"minecraft:custom":{"minecraft:interact_with_furnace":6,"minecraft:mob_kills":14,"minecraft:interact_with_crafting_table":12,"minecraft:leave_game":1,"minecraft:time_since_death":0,"minecraft:sleep_in_bed":1,"minecraft:climb_one_cm":152,"minecraft:time_since_rest":43,"minecraft:sprint_one_cm":103039,"minecraft:damage_taken":1790,"minecraft:walk_one_cm":57389,"minecraft:drop":10,"minecraft:damage_dealt":1688,"minecraft:player_kills":1,"minecraft:swim_one_cm":100,"minecraft:fly_one_cm":144500,"minecraft:crouch_one_cm":292,"minecraft:play_time":25752,"minecraft:deaths":5,"minecraft:sneak_time":104,"minecraft:walk_under_water_one_cm":3344,"minecraft:jump":541,"minecraft:walk_on_water_one_cm":4845,"minecraft:total_world_time":25752,"minecraft:fall_one_cm":22779},"minecraft:crafted":{"minecraft:crafting_table":3,"minecraft:wooden_pickaxe":2,"minecraft:furnace":1,"minecraft:bucket":1,"minecraft:stone_axe":1,"minecraft:air":0,"minecraft:stick":20,"minecraft:iron_ingot":6,"minecraft:iron_pickaxe":1,"minecraft:stone_pickaxe":2,"minecraft:wooden_axe":2,"minecraft:acacia_planks":64},"minecraft:dropped":{"minecraft:stone_axe":1,"minecraft:stone_sword":1,"minecraft:crafting_table":1,"minecraft:cobblestone":11,"minecraft:stick":1,"minecraft:spider_eye":1,"minecraft:stone_pickaxe":1,"minecraft:wooden_pickaxe":1,"minecraft:string":1,"minecraft:acacia_planks":1},"minecraft:picked_up":{"minecraft:birch_log":20,"minecraft:crafting_table":8,"minecraft:andesite":8,"minecraft:leather":4,"minecraft:wooden_pickaxe":1,"minecraft:string":1,"minecraft:dirt":14,"minecraft:acacia_planks":1,"minecraft:cobbled_deepslate":9,"minecraft:beef":8,"minecraft:stone_pickaxe":1,"minecraft:light_gray_wool":1,"minecraft:melon_slice":49,"minecraft:furnace":2,"minecraft:stick":1,"minecraft:raw_iron":10,"minecraft:torch":1,"minecraft:acacia_log":22,"minecraft:gravel":4,"minecraft:porkchop":4,"minecraft:diorite":16,"minecraft:cyan_bed":2,"minecraft:spider_eye":1,"minecraft:stone_sword":1,"minecraft:stone_axe":1,"minecraft:granite":3,"minecraft:bread":31,"minecraft:mutton":12,"minecraft:white_wool":7,"minecraft:cobblestone":71},"minecraft:killed":{"minecraft:pig":2,"minecraft:sheep":8,"minecraft:cow":4}},"DataVersion":3953}