{"stats":{"minecraft:mined":{"minecraft:acacia_leaves":1,"minecraft:crafting_table":6,"minecraft:torch":1,"minecraft:granite":3,"minecraft:short_grass":8,"minecraft:acacia_log":12,"minecraft:grass_block":5,"minecraft:melon":10,"minecraft:tall_grass":1,"minecraft:diorite":16,"minecraft:furnace":2,"minecraft:birch_log":20,"minecraft:iron_ore":10,"minecraft:andesite":8,"minecraft:gravel":4,"minecraft:dirt":9,"minecraft:stone":60,"minecraft:deepslate":10},"minecraft:killed_by":{"minecraft:zombie":1},"minecraft:used":{"minecraft:water_bucket":1,"minecraft:stone_pickaxe":107,"minecraft:wooden_pickaxe":6,"minecraft:dirt":1,"minecraft:crafting_table":6,"minecraft:wooden_axe":14,"minecraft:bread":3,"minecraft:stone_axe":42,"minecraft:furnace":2,"minecraft:bucket":2},"minecraft:custom":{"minecraft:interact_with_furnace":6,"minecraft:mob_kills":8,"minecraft:interact_with_crafting_table":11,"minecraft:time_since_death":2597,"minecraft:climb_one_cm":152,"minecraft:time_since_rest":2633,"minecraft:sprint_one_cm":68951,"minecraft:damage_taken":1318,"minecraft:walk_one_cm":43479,"minecraft:drop":10,"minecraft:damage_dealt":1045,"minecraft:player_kills":1,"minecraft:swim_one_cm":100,"minecraft:fly_one_cm":84027,"minecraft:crouch_one_cm":265,"minecraft:play_time":18927,"minecraft:deaths":3,"minecraft:sneak_time":79,"minecraft:walk_under_water_one_cm":3344,"minecraft:jump":333,"minecraft:walk_on_water_one_cm":2418,"minecraft:total_world_time":18927,"minecraft:fall_one_cm":16242},"minecraft:crafted":{"minecraft:crafting_table":2,"minecraft:wooden_pickaxe":2,"minecraft:furnace":1,"minecraft:bucket":1,"minecraft:stone_axe":1,"minecraft:air":0,"minecraft:stick":16,"minecraft:iron_ingot":6,"minecraft:iron_pickaxe":1,"minecraft:stone_pickaxe":2,"minecraft:wooden_axe":1,"minecraft:acacia_planks":48},"minecraft:dropped":{"minecraft:stone_axe":1,"minecraft:stone_sword":1,"minecraft:crafting_table":1,"minecraft:cobblestone":11,"minecraft:stick":1,"minecraft:spider_eye":1,"minecraft:stone_pickaxe":1,"minecraft:wooden_pickaxe":1,"minecraft:string":1,"minecraft:acacia_planks":1},"minecraft:picked_up":{"minecraft:birch_log":20,"minecraft:crafting_table":7,"minecraft:andesite":8,"minecraft:leather":1,"minecraft:wooden_pickaxe":1,"minecraft:string":1,"minecraft:dirt":14,"minecraft:acacia_planks":1,"minecraft:cobbled_deepslate":9,"minecraft:beef":2,"minecraft:stone_pickaxe":1,"minecraft:melon_slice":49,"minecraft:furnace":2,"minecraft:stick":1,"minecraft:raw_iron":10,"minecraft:torch":1,"minecraft:acacia_log":12,"minecraft:gravel":4,"minecraft:diorite":16,"minecraft:spider_eye":1,"minecraft:stone_sword":1,"minecraft:stone_axe":1,"minecraft:granite":3,"minecraft:bread":31,"minecraft:mutton":11,"minecraft:white_wool":7,"minecraft:cobblestone":71},"minecraft:killed":{"minecraft:sheep":7,"minecraft:cow":1}},"DataVersion":3953}