{"stats":{"minecraft:mined":{"minecraft:deepslate_redstone_ore":2,"minecraft:tuff":71,"minecraft:acacia_leaves":2,"minecraft:deepslate_diamond_ore":36,"minecraft:crafting_table":17,"minecraft:torch":1,"minecraft:granite":3,"minecraft:short_grass":24,"minecraft:acacia_log":29,"minecraft:grass_block":8,"minecraft:melon":10,"minecraft:jungle_log":19,"minecraft:tall_grass":1,"minecraft:deepslate_gold_ore":2,"minecraft:cyan_bed":2,"minecraft:diorite":16,"minecraft:furnace":4,"minecraft:birch_log":20,"minecraft:iron_ore":10,"minecraft:cobbled_deepslate":3,"minecraft:birch_leaves":3,"minecraft:andesite":8,"minecraft:deepslate_lapis_ore":4,"minecraft:yellow_bed":1,"minecraft:peony":1,"minecraft:coal_ore":6,"minecraft:oak_log":24,"minecraft:deepslate_iron_ore":9,"minecraft:vine":3,"minecraft:gravel":5,"minecraft:dirt":14,"minecraft:stone":62,"minecraft:oak_leaves":11,"minecraft:deepslate":582,"minecraft:fern":3},"minecraft:killed_by":{"minecraft:player":1,"minecraft:spider":1,"minecraft:zombie":2},"minecraft:custom":{"minecraft:interact_with_furnace":22,"minecraft:mob_kills":23,"minecraft:interact_with_crafting_table":29,"minecraft:leave_game":1,"minecraft:time_since_death":41466,"minecraft:sleep_in_bed":6,"minecraft:climb_one_cm":739,"minecraft:time_since_rest":0,"minecraft:sprint_one_cm":214334,"minecraft:damage_taken":2441,"minecraft:walk_one_cm":167965,"minecraft:drop":24,"minecraft:damage_dealt":2469,"minecraft:talked_to_villager":6,"minecraft:swim_one_cm":15103,"minecraft:fly_one_cm":266306,"minecraft:player_kills":1,"minecraft:open_chest":4,"minecraft:crouch_one_cm":1173,"minecraft:play_time":78123,"minecraft:deaths":7,"minecraft:sneak_time":532,"minecraft:walk_under_water_one_cm":6303,"minecraft:jump":1241,"minecraft:walk_on_water_one_cm":8087,"minecraft:total_world_time":78123,"minecraft:fall_one_cm":36979},"minecraft:used":{"minecraft:cooked_mutton":4,"minecraft:water_bucket":1,"minecraft:stone_pickaxe":261,"minecraft:oak_planks":10,"minecraft:wooden_pickaxe":25,"minecraft:cooked_chicken":1,"minecraft:torch":1,"minecraft:dirt":1,"minecraft:crafting_table":18,"minecraft:black_bed":1,"minecraft:white_bed":1,"minecraft:tuff":11,"minecraft:wooden_axe":54,"minecraft:diamond_pickaxe":530,"minecraft:iron_pickaxe":7,"minecraft:bread":5,"minecraft:cyan_bed":2,"minecraft:stone_axe":88,"minecraft:diamond_sword":18,"minecraft:cobblestone":2,"minecraft:furnace":5,"minecraft:bucket":2,"minecraft:yellow_bed":1,"minecraft:egg":1,"minecraft:cobbled_deepslate":77},"minecraft:crafted":{"minecraft:oak_planks":28,"minecraft:diamond_sword":1,"minecraft:cooked_porkchop":1,"minecraft:crafting_table":5,"minecraft:cooked_chicken":1,"minecraft:wooden_pickaxe":3,"minecraft:furnace":2,"minecraft:bucket":1,"minecraft:stone_axe":2,"minecraft:cooked_mutton":4,"minecraft:air":0,"minecraft:jungle_planks":4,"minecraft:diamond_leggings":1,"minecraft:diamond_helmet":1,"minecraft:diamond_pickaxe":1,"minecraft:stick":40,"minecraft:iron_pickaxe":1,"minecraft:iron_ingot":6,"minecraft:stone_pickaxe":3,"minecraft:wooden_axe":3,"minecraft:white_bed":1,"minecraft:diamond_boots":1,"minecraft:acacia_planks":92,"minecraft:diamond_chestplate":1},"minecraft:dropped":{"minecraft:gravel":1,"minecraft:stone_axe":1,"minecraft:wheat_seeds":4,"minecraft:oak_log":16,"minecraft:stone_sword":1,"minecraft:cocoa_beans":6,"minecraft:diamond":6,"minecraft:crafting_table":1,"minecraft:feather":6,"minecraft:cobblestone":11,"minecraft:totem_of_undying":1,"minecraft:stick":1,"minecraft:peony":1,"minecraft:wooden_axe":1,"minecraft:jungle_log":18,"minecraft:spider_eye":1,"minecraft:wooden_pickaxe":1,"minecraft:stone_pickaxe":2,"minecraft:string":1,"minecraft:redstone":9,"minecraft:egg":1,"minecraft:acacia_planks":1},"minecraft:picked_up":{"minecraft:birch_log":20,"minecraft:cocoa_beans":6,"minecraft:feather":6,"minecraft:crafting_table":18,"minecraft:chicken":5,"minecraft:cooked_beef":2,"minecraft:jungle_log":19,"minecraft:andesite":8,"minecraft:leather":4,"minecraft:wooden_pickaxe":1,"minecraft:tuff":71,"minecraft:oak_log":23,"minecraft:yellow_bed":1,"minecraft:lapis_lazuli":28,"minecraft:dirt":22,"minecraft:string":1,"minecraft:acacia_planks":1,"minecraft:bow":1,"minecraft:wheat_seeds":4,"minecraft:cobbled_deepslate":582,"minecraft:raw_gold":2,"minecraft:beef":8,"minecraft:stone_pickaxe":3,"minecraft:iron_pickaxe":1,"minecraft:light_gray_wool":1,"minecraft:melon_slice":49,"minecraft:egg":2,"minecraft:furnace":4,"minecraft:stick":1,"minecraft:raw_iron":19,"minecraft:torch":1,"minecraft:acacia_log":29,"minecraft:gravel":5,"minecraft:porkchop":4,"minecraft:redstone":9,"minecraft:diorite":16,"minecraft:cyan_bed":2,"minecraft:spider_eye":1,"minecraft:stone_sword":1,"minecraft:diamond":35,"minecraft:peony":1,"minecraft:stone_axe":1,"minecraft:granite":3,"minecraft:bread":31,"minecraft:coal":11,"minecraft:mutton":16,"minecraft:white_wool":10,"minecraft:cobblestone":73},"minecraft:killed":{"minecraft:pig":2,"minecraft:skeleton":1,"minecraft:sheep":10,"minecraft:zombie":1,"minecraft:chicken":5,"minecraft:cow":4}},"DataVersion":3953}