{"stats":{"minecraft:mined":{"minecraft:acacia_leaves":1,"minecraft:crafting_table":7,"minecraft:torch":1,"minecraft:granite":3,"minecraft:short_grass":14,"minecraft:acacia_log":22,"minecraft:grass_block":5,"minecraft:melon":10,"minecraft:jungle_log":1,"minecraft:tall_grass":1,"minecraft:cyan_bed":2,"minecraft:diorite":16,"minecraft:furnace":2,"minecraft:birch_log":20,"minecraft:iron_ore":10,"minecraft:birch_leaves":3,"minecraft:andesite":8,"minecraft:peony":1,"minecraft:gravel":4,"minecraft:dirt":9,"minecraft:stone":60,"minecraft:oak_leaves":3,"minecraft:deepslate":10},"minecraft:killed_by":{"minecraft:player":1,"minecraft:spider":1,"minecraft:zombie":2},"minecraft:used":{"minecraft:water_bucket":1,"minecraft:stone_pickaxe":107,"minecraft:wooden_pickaxe":6,"minecraft:torch":1,"minecraft:dirt":1,"minecraft:crafting_table":7,"minecraft:wooden_axe":32,"minecraft:bread":5,"minecraft:cyan_bed":2,"minecraft:stone_axe":42,"minecraft:furnace":2,"minecraft:bucket":2},"minecraft:custom":{"minecraft:interact_with_furnace":6,"minecraft:mob_kills":14,"minecraft:interact_with_crafting_table":12,"minecraft:leave_game":1,"minecraft:time_since_death":1215,"minecraft:sleep_in_bed":2,"minecraft:climb_one_cm":390,"minecraft:time_since_rest":1239,"minecraft:sprint_one_cm":133576,"minecraft:damage_taken":2033,"minecraft:walk_one_cm":69225,"minecraft:drop":11,"minecraft:damage_dealt":1698,"minecraft:swim_one_cm":896,"minecraft:fly_one_cm":186053,"minecraft:player_kills":1,"minecraft:open_chest":3,"minecraft:crouch_one_cm":292,"minecraft:play_time":30123,"minecraft:deaths":6,"minecraft:sneak_time":104,"minecraft:walk_under_water_one_cm":3413,"minecraft:jump":705,"minecraft:walk_on_water_one_cm":5106,"minecraft:total_world_time":30123,"minecraft:fall_one_cm":28092},"minecraft:crafted":{"minecraft:crafting_table":3,"minecraft:wooden_pickaxe":2,"minecraft:furnace":1,"minecraft:bucket":1,"minecraft:stone_axe":1,"minecraft:air":0,"minecraft:jungle_planks":4,"minecraft:stick":20,"minecraft:iron_pickaxe":1,"minecraft:iron_ingot":6,"minecraft:stone_pickaxe":2,"minecraft:wooden_axe":2,"minecraft:acacia_planks":64},"minecraft:dropped":{"minecraft:stone_axe":1,"minecraft:stone_sword":1,"minecraft:crafting_table":1,"minecraft:cobblestone":11,"minecraft:stick":1,"minecraft:peony":1,"minecraft:spider_eye":1,"minecraft:wooden_pickaxe":1,"minecraft:stone_pickaxe":1,"minecraft:string":1,"minecraft:acacia_planks":1},"minecraft:picked_up":{"minecraft:birch_log":20,"minecraft:crafting_table":8,"minecraft:jungle_log":1,"minecraft:andesite":8,"minecraft:leather":4,"minecraft:wooden_pickaxe":1,"minecraft:dirt":14,"minecraft:string":1,"minecraft:acacia_planks":1,"minecraft:cobbled_deepslate":10,"minecraft:beef":8,"minecraft:stone_pickaxe":1,"minecraft:light_gray_wool":1,"minecraft:melon_slice":49,"minecraft:furnace":2,"minecraft:stick":1,"minecraft:raw_iron":10,"minecraft:torch":1,"minecraft:acacia_log":22,"minecraft:gravel":4,"minecraft:porkchop":4,"minecraft:diorite":16,"minecraft:cyan_bed":2,"minecraft:spider_eye":1,"minecraft:stone_sword":1,"minecraft:peony":1,"minecraft:stone_axe":1,"minecraft:granite":3,"minecraft:bread":31,"minecraft:mutton":12,"minecraft:white_wool":7,"minecraft:cobblestone":71},"minecraft:killed":{"minecraft:pig":2,"minecraft:sheep":8,"minecraft:cow":4}},"DataVersion":3953}