{"stats":{"minecraft:mined":{"minecraft:deepslate_redstone_ore":2,"minecraft:tuff":69,"minecraft:acacia_leaves":3,"minecraft:deepslate_diamond_ore":24,"minecraft:crafting_table":1,"minecraft:granite":3,"minecraft:short_grass":11,"minecraft:acacia_log":13,"minecraft:grass_block":1,"minecraft:chest":1,"minecraft:copper_ore":1,"minecraft:cobblestone":3,"minecraft:deepslate_gold_ore":14,"minecraft:lapis_ore":5,"minecraft:diorite":52,"minecraft:wall_torch":2,"minecraft:raw_iron_block":1,"minecraft:furnace":2,"minecraft:iron_ore":17,"minecraft:andesite":3,"minecraft:coal_ore":20,"minecraft:oak_log":3,"minecraft:dirt_path":6,"minecraft:deepslate_iron_ore":52,"minecraft:gravel":17,"minecraft:dirt":25,"minecraft:bamboo":5,"minecraft:stone":260,"minecraft:fern":2,"minecraft:deepslate":1285},"minecraft:broken":{"minecraft:stone_pickaxe":1},"minecraft:killed_by":{"minecraft:creeper":1},"minecraft:used":{"minecraft:acacia_log":1,"minecraft:stone_pickaxe":190,"minecraft:wooden_pickaxe":22,"minecraft:iron_sword":9,"minecraft:iron_chestplate":1,"minecraft:torch":29,"minecraft:dirt":1,"minecraft:crafting_table":6,"minecraft:black_bed":1,"minecraft:granite":3,"minecraft:diamond_pickaxe":1223,"minecraft:bread":4,"minecraft:iron_pickaxe":424,"minecraft:bamboo":2,"minecraft:diamond_chestplate":1,"minecraft:cobblestone":19,"minecraft:furnace":4,"minecraft:porkchop":1,"minecraft:egg":1,"minecraft:cobbled_deepslate":1},"minecraft:custom":{"minecraft:interact_with_furnace":15,"minecraft:mob_kills":3,"minecraft:interact_with_crafting_table":21,"minecraft:bell_ring":18,"minecraft:time_since_death":86316,"minecraft:sleep_in_bed":3,"minecraft:climb_one_cm":164,"minecraft:time_since_rest":11729,"minecraft:sprint_one_cm":153430,"minecraft:damage_taken":850,"minecraft:walk_one_cm":260564,"minecraft:drop":33,"minecraft:damage_dealt":370,"minecraft:fly_one_cm":41552,"minecraft:open_chest":5,"minecraft:crouch_one_cm":1577,"minecraft:play_time":111595,"minecraft:deaths":3,"minecraft:sneak_time":779,"minecraft:walk_under_water_one_cm":4071,"minecraft:jump":472,"minecraft:walk_on_water_one_cm":37,"minecraft:total_world_time":111595,"minecraft:fall_one_cm":10079},"minecraft:dropped":{"minecraft:wheat_seeds":14,"minecraft:stone_sword":1,"minecraft:cobbled_deepslate":77,"minecraft:ender_pearl":1,"minecraft:diamond":3,"minecraft:raw_iron":25,"minecraft:feather":2,"minecraft:rotten_flesh":2,"minecraft:rabbit_foot":1,"minecraft:flint":1,"minecraft:stick":4,"minecraft:torch":64,"minecraft:diorite":32,"minecraft:iron_chestplate":1,"minecraft:acacia_sapling":3,"minecraft:armadillo_scute":2,"minecraft:spider_eye":1,"minecraft:wooden_pickaxe":1,"minecraft:arrow":3,"minecraft:bow":1,"minecraft:iron_pickaxe":3,"minecraft:stone_pickaxe":2,"minecraft:raw_gold":1,"minecraft:string":3,"minecraft:white_wool":4,"minecraft:acacia_planks":10},"minecraft:crafted":{"minecraft:oak_planks":12,"minecraft:crafting_table":5,"minecraft:wooden_pickaxe":2,"minecraft:iron_sword":1,"minecraft:furnace":2,"minecraft:air":0,"minecraft:diamond_leggings":1,"minecraft:diamond_helmet":1,"minecraft:iron_boots":1,"minecraft:iron_chestplate":1,"minecraft:diamond_pickaxe":1,"minecraft:stick":20,"minecraft:iron_ingot":18,"minecraft:iron_pickaxe":2,"minecraft:stone_pickaxe":2,"minecraft:acacia_planks":48,"minecraft:torch":4,"minecraft:diamond_chestplate":1},"minecraft:picked_up":{"minecraft:iron_chestplate":1,"minecraft:crafting_table":1,"minecraft:feather":2,"minecraft:andesite":2,"minecraft:black_bed":1,"minecraft:wooden_pickaxe":1,"minecraft:flint":1,"minecraft:tuff":58,"minecraft:oak_log":3,"minecraft:lapis_lazuli":35,"minecraft:string":3,"minecraft:dirt":32,"minecraft:raw_copper":48,"minecraft:acacia_planks":25,"minecraft:bow":1,"minecraft:wheat_seeds":29,"minecraft:cobbled_deepslate":1080,"minecraft:raw_gold":15,"minecraft:stone_pickaxe":2,"minecraft:iron_ingot":2,"minecraft:iron_pickaxe":1,"minecraft:bamboo":45,"minecraft:chest":1,"minecraft:acacia_sapling":3,"minecraft:egg":1,"minecraft:furnace":2,"minecraft:stick":3,"minecraft:raw_iron":72,"minecraft:oak_door":1,"minecraft:raw_iron_block":1,"minecraft:torch":99,"minecraft:acacia_log":13,"minecraft:gravel":13,"minecraft:porkchop":3,"minecraft:ink_sac":1,"minecraft:diorite":52,"minecraft:redstone":5,"minecraft:spider_eye":1,"minecraft:rabbit_foot":1,"minecraft:stone_sword":1,"minecraft:arrow":3,"minecraft:rotten_flesh":2,"minecraft:diamond":27,"minecraft:armadillo_scute":2,"minecraft:granite":3,"minecraft:bread":4,"minecraft:diamond_pickaxe":1,"minecraft:coal":20,"minecraft:white_wool":4,"minecraft:cobblestone":263,"minecraft:ender_pearl":1},"minecraft:killed":{"minecraft:pig":1,"minecraft:zombie":2}},"DataVersion":3953}