{"stats":{"minecraft:mined":{"minecraft:acacia_leaves":1,"minecraft:iron_ore":4,"minecraft:crafting_table":1,"minecraft:short_grass":11,"minecraft:acacia_log":9,"minecraft:grass_block":1,"minecraft:coal_ore":20,"minecraft:dirt_path":2,"minecraft:chest":1,"minecraft:dirt":14,"minecraft:cobblestone":3,"minecraft:stone":83,"minecraft:diorite":20},"minecraft:broken":{"minecraft:stone_pickaxe":1},"minecraft:killed_by":{"minecraft:creeper":1},"minecraft:used":{"minecraft:acacia_log":1,"minecraft:stone_pickaxe":143,"minecraft:wooden_pickaxe":4,"minecraft:torch":1,"minecraft:crafting_table":2},"minecraft:custom":{"minecraft:time_since_rest":14701,"minecraft:sprint_one_cm":54547,"minecraft:damage_taken":280,"minecraft:walk_one_cm":28759,"minecraft:mob_kills":1,"minecraft:damage_dealt":60,"minecraft:interact_with_crafting_table":3,"minecraft:fly_one_cm":16174,"minecraft:open_chest":2,"minecraft:play_time":15595,"minecraft:deaths":1,"minecraft:bell_ring":6,"minecraft:jump":152,"minecraft:time_since_death":14672,"minecraft:total_world_time":15595,"minecraft:fall_one_cm":1952},"minecraft:crafted":{"minecraft:crafting_table":1,"minecraft:stick":8,"minecraft:wooden_pickaxe":1,"minecraft:stone_pickaxe":2,"minecraft:acacia_planks":32,"minecraft:torch":4},"minecraft:picked_up":{"minecraft:raw_iron":4,"minecraft:stick":2,"minecraft:crafting_table":1,"minecraft:oak_door":1,"minecraft:acacia_log":9,"minecraft:diorite":20,"minecraft:dirt":17,"minecraft:wheat_seeds":1,"minecraft:chest":1,"minecraft:coal":20,"minecraft:cobblestone":86,"minecraft:egg":1},"minecraft:killed":{"minecraft:zombie":1}},"DataVersion":3953}