{"stats":{"minecraft:mined":{"minecraft:acacia_leaves":3,"minecraft:iron_ore":4,"minecraft:andesite":2,"minecraft:crafting_table":1,"minecraft:short_grass":11,"minecraft:acacia_log":13,"minecraft:grass_block":1,"minecraft:coal_ore":20,"minecraft:dirt_path":3,"minecraft:chest":1,"minecraft:dirt":18,"minecraft:copper_ore":1,"minecraft:cobblestone":3,"minecraft:lapis_ore":5,"minecraft:stone":121,"minecraft:diorite":20},"minecraft:broken":{"minecraft:stone_pickaxe":1},"minecraft:killed_by":{"minecraft:creeper":1},"minecraft:used":{"minecraft:acacia_log":1,"minecraft:stone_pickaxe":190,"minecraft:wooden_pickaxe":4,"minecraft:torch":1,"minecraft:crafting_table":2,"minecraft:porkchop":1,"minecraft:egg":1},"minecraft:custom":{"minecraft:time_since_rest":2347,"minecraft:sprint_one_cm":111394,"minecraft:damage_taken":690,"minecraft:walk_one_cm":64239,"minecraft:mob_kills":2,"minecraft:damage_dealt":160,"minecraft:interact_with_crafting_table":3,"minecraft:fly_one_cm":36792,"minecraft:open_chest":2,"minecraft:crouch_one_cm":177,"minecraft:play_time":27595,"minecraft:deaths":3,"minecraft:sneak_time":481,"minecraft:bell_ring":18,"minecraft:walk_under_water_one_cm":4071,"minecraft:jump":295,"minecraft:walk_on_water_one_cm":37,"minecraft:time_since_death":2316,"minecraft:total_world_time":27595,"minecraft:fall_one_cm":8330},"minecraft:crafted":{"minecraft:crafting_table":1,"minecraft:stick":8,"minecraft:wooden_pickaxe":1,"minecraft:stone_pickaxe":2,"minecraft:acacia_planks":32,"minecraft:torch":4},"minecraft:picked_up":{"minecraft:raw_iron":4,"minecraft:stick":2,"minecraft:crafting_table":1,"minecraft:oak_door":1,"minecraft:andesite":2,"minecraft:acacia_log":13,"minecraft:porkchop":3,"minecraft:ink_sac":1,"minecraft:diorite":20,"minecraft:lapis_lazuli":35,"minecraft:dirt":22,"minecraft:raw_copper":4,"minecraft:wheat_seeds":1,"minecraft:chest":1,"minecraft:coal":20,"minecraft:cobblestone":124,"minecraft:egg":1},"minecraft:killed":{"minecraft:pig":1,"minecraft:zombie":1}},"DataVersion":3953}