{"stats":{"minecraft:broken":{"minecraft:stone_pickaxe":1},"minecraft:mined":{"minecraft:tuff":81,"minecraft:deepslate_diamond_ore":24,"minecraft:cherry_log":43,"minecraft:granite":3,"minecraft:dark_oak_fence":4,"minecraft:acacia_log":13,"minecraft:grass_block":5,"minecraft:rooted_dirt":12,"minecraft:tall_seagrass":2,"minecraft:raw_iron_block":1,"minecraft:furnace":2,"minecraft:iron_ore":17,"minecraft:andesite":4,"minecraft:deepslate_iron_ore":52,"minecraft:dirt_path":6,"minecraft:bamboo":5,"minecraft:stone":300,"minecraft:deepslate_redstone_ore":2,"minecraft:acacia_leaves":3,"minecraft:clay":5,"minecraft:crafting_table":1,"minecraft:short_grass":18,"minecraft:chest":3,"minecraft:copper_ore":1,"minecraft:cobblestone":3,"minecraft:lapis_ore":5,"minecraft:deepslate_gold_ore":14,"minecraft:diorite":60,"minecraft:wall_torch":3,"minecraft:pink_petals":4,"minecraft:seagrass":1,"minecraft:black_bed":1,"minecraft:oak_log":3,"minecraft:coal_ore":21,"minecraft:cherry_leaves":7,"minecraft:gravel":22,"minecraft:dirt":35,"minecraft:cobweb":5,"minecraft:deepslate":1464,"minecraft:fern":2},"minecraft:killed_by":{"minecraft:creeper":1},"minecraft:used":{"minecraft:acacia_log":1,"minecraft:chest":3,"minecraft:iron_sword":85,"minecraft:cooked_salmon":2,"minecraft:iron_chestplate":1,"minecraft:torch":36,"minecraft:dirt":1,"minecraft:granite":3,"minecraft:iron_axe":51,"minecraft:bamboo":7,"minecraft:diamond_chestplate":1,"minecraft:furnace":4,"minecraft:egg":1,"minecraft:cobbled_deepslate":79,"minecraft:stone_pickaxe":190,"minecraft:wooden_pickaxe":22,"minecraft:salmon":15,"minecraft:crafting_table":6,"minecraft:black_bed":2,"minecraft:diamond_pickaxe":1487,"minecraft:melon_slice":14,"minecraft:bread":4,"minecraft:iron_pickaxe":424,"minecraft:stone_axe":7,"minecraft:cobblestone":19,"minecraft:porkchop":1,"minecraft:dark_oak_fence":1,"minecraft:experience_bottle":1},"minecraft:custom":{"minecraft:mob_kills":25,"minecraft:animals_bred":1,"minecraft:interact_with_crafting_table":22,"minecraft:bell_ring":18,"minecraft:leave_game":3,"minecraft:time_since_death":146802,"minecraft:climb_one_cm":1320,"minecraft:sprint_one_cm":290312,"minecraft:walk_one_cm":423687,"minecraft:drop":52,"minecraft:play_time":172081,"minecraft:deaths":3,"minecraft:sneak_time":1896,"minecraft:walk_under_water_one_cm":19614,"minecraft:jump":1462,"minecraft:walk_on_water_one_cm":26660,"minecraft:total_world_time":172081,"minecraft:interact_with_furnace":16,"minecraft:sleep_in_bed":4,"minecraft:time_since_rest":56380,"minecraft:damage_taken":1200,"minecraft:damage_dealt":2027,"minecraft:swim_one_cm":26115,"minecraft:fly_one_cm":217431,"minecraft:open_chest":9,"minecraft:crouch_one_cm":3771,"minecraft:fall_one_cm":31367},"minecraft:dropped":{"minecraft:wheat_seeds":29,"minecraft:cherry_log":10,"minecraft:ender_pearl":1,"minecraft:diamond":3,"minecraft:feather":2,"minecraft:stick":4,"minecraft:flint":1,"minecraft:diorite":36,"minecraft:ink_sac":1,"minecraft:torch":64,"minecraft:cherry_planks":64,"minecraft:armadillo_scute":2,"minecraft:raw_iron_block":2,"minecraft:iron_pickaxe":3,"minecraft:string":3,"minecraft:pink_petals":4,"minecraft:white_wool":4,"minecraft:acacia_planks":10,"minecraft:redstone":5,"minecraft:stone_axe":1,"minecraft:stone_sword":1,"minecraft:cobbled_deepslate":397,"minecraft:raw_copper":44,"minecraft:wheat":9,"minecraft:raw_iron":25,"minecraft:rotten_flesh":2,"minecraft:rabbit_foot":1,"minecraft:iron_chestplate":1,"minecraft:acacia_sapling":3,"minecraft:spider_eye":1,"minecraft:bamboo":24,"minecraft:arrow":3,"minecraft:bow":1,"minecraft:wooden_pickaxe":2,"minecraft:stone_pickaxe":2,"minecraft:raw_gold":1},"minecraft:crafted":{"minecraft:cherry_planks":128,"minecraft:oak_planks":12,"minecraft:furnace":2,"minecraft:diamond_helmet":1,"minecraft:diamond_leggings":1,"minecraft:iron_boots":1,"minecraft:stone_pickaxe":2,"minecraft:chest":2,"minecraft:crafting_table":5,"minecraft:wooden_pickaxe":2,"minecraft:iron_sword":1,"minecraft:air":0,"minecraft:iron_chestplate":1,"minecraft:diamond_pickaxe":1,"minecraft:stick":20,"minecraft:iron_ingot":18,"minecraft:iron_pickaxe":2,"minecraft:acacia_planks":48,"minecraft:torch":4,"minecraft:diamond_chestplate":1},"minecraft:picked_up":{"minecraft:crafting_table":1,"minecraft:iron_chestplate":1,"minecraft:ominous_bottle":1,"minecraft:wooden_pickaxe":2,"minecraft:iron_axe":1,"minecraft:string":3,"minecraft:raw_copper":48,"minecraft:cooked_salmon":2,"minecraft:cobbled_deepslate":1225,"minecraft:iron_pickaxe":1,"minecraft:melon_slice":14,"minecraft:chest":2,"minecraft:egg":1,"minecraft:furnace":2,"minecraft:stick":4,"minecraft:raw_iron":72,"minecraft:oak_door":1,"minecraft:torch":99,"minecraft:acacia_log":13,"minecraft:porkchop":3,"minecraft:cherry_log":42,"minecraft:diorite":56,"minecraft:redstone":10,"minecraft:rabbit_foot":1,"minecraft:rotten_flesh":2,"minecraft:stone_sword":1,"minecraft:arrow":3,"minecraft:armadillo_scute":2,"minecraft:white_wool":4,"minecraft:cobblestone":287,"minecraft:pink_petals":17,"minecraft:feather":2,"minecraft:andesite":2,"minecraft:salmon":18,"minecraft:black_bed":2,"minecraft:flint":1,"minecraft:tuff":63,"minecraft:oak_log":3,"minecraft:lapis_lazuli":35,"minecraft:dirt":45,"minecraft:acacia_planks":25,"minecraft:bow":1,"minecraft:wheat_seeds":30,"minecraft:raw_gold":15,"minecraft:stone_pickaxe":3,"minecraft:iron_ingot":2,"minecraft:bamboo":54,"minecraft:acacia_sapling":3,"minecraft:gravel":18,"minecraft:raw_iron_block":2,"minecraft:ink_sac":2,"minecraft:spider_eye":1,"minecraft:stone_axe":1,"minecraft:diamond":27,"minecraft:granite":3,"minecraft:cherry_sapling":4,"minecraft:bread":4,"minecraft:coal":20,"minecraft:dark_oak_fence":1,"minecraft:diamond_pickaxe":1,"minecraft:ender_pearl":1},"minecraft:killed":{"minecraft:pig":2,"minecraft:salmon":18,"minecraft:pillager":3,"minecraft:zombie":2}},"DataVersion":3953}