{"stats":{"minecraft:mined":{"minecraft:acacia_leaves":3,"minecraft:furnace":1,"minecraft:iron_ore":12,"minecraft:andesite":2,"minecraft:crafting_table":1,"minecraft:granite":3,"minecraft:short_grass":11,"minecraft:acacia_log":13,"minecraft:grass_block":1,"minecraft:coal_ore":20,"minecraft:dirt_path":6,"minecraft:chest":1,"minecraft:gravel":6,"minecraft:dirt":24,"minecraft:copper_ore":1,"minecraft:cobblestone":3,"minecraft:lapis_ore":5,"minecraft:stone":257,"minecraft:diorite":50},"minecraft:broken":{"minecraft:stone_pickaxe":1},"minecraft:killed_by":{"minecraft:creeper":1},"minecraft:used":{"minecraft:acacia_log":1,"minecraft:stone_pickaxe":190,"minecraft:iron_pickaxe":167,"minecraft:wooden_pickaxe":22,"minecraft:iron_chestplate":1,"minecraft:torch":1,"minecraft:crafting_table":3,"minecraft:furnace":2,"minecraft:porkchop":1,"minecraft:egg":1},"minecraft:custom":{"minecraft:time_since_rest":9216,"minecraft:interact_with_furnace":8,"minecraft:sprint_one_cm":123250,"minecraft:damage_taken":710,"minecraft:walk_one_cm":84618,"minecraft:mob_kills":2,"minecraft:damage_dealt":160,"minecraft:interact_with_crafting_table":10,"minecraft:fly_one_cm":38831,"minecraft:open_chest":5,"minecraft:crouch_one_cm":177,"minecraft:play_time":39595,"minecraft:deaths":3,"minecraft:sneak_time":481,"minecraft:bell_ring":18,"minecraft:walk_under_water_one_cm":4071,"minecraft:jump":387,"minecraft:walk_on_water_one_cm":37,"minecraft:time_since_death":14316,"minecraft:sleep_in_bed":2,"minecraft:total_world_time":39595,"minecraft:fall_one_cm":9023},"minecraft:crafted":{"minecraft:iron_chestplate":1,"minecraft:crafting_table":2,"minecraft:stick":12,"minecraft:iron_pickaxe":1,"minecraft:iron_ingot":10,"minecraft:wooden_pickaxe":2,"minecraft:stone_pickaxe":2,"minecraft:furnace":1,"minecraft:acacia_planks":48,"minecraft:torch":4,"minecraft:air":0},"minecraft:picked_up":{"minecraft:raw_iron":16,"minecraft:stick":2,"minecraft:crafting_table":1,"minecraft:oak_door":1,"minecraft:andesite":2,"minecraft:acacia_log":13,"minecraft:gravel":5,"minecraft:flint":1,"minecraft:porkchop":3,"minecraft:ink_sac":1,"minecraft:diorite":50,"minecraft:lapis_lazuli":35,"minecraft:dirt":31,"minecraft:raw_copper":4,"minecraft:wheat_seeds":1,"minecraft:granite":3,"minecraft:iron_ingot":2,"minecraft:chest":1,"minecraft:coal":20,"minecraft:furnace":1,"minecraft:cobblestone":257,"minecraft:egg":1},"minecraft:killed":{"minecraft:pig":1,"minecraft:zombie":1}},"DataVersion":3953}