{"stats":{"minecraft:dropped":{"minecraft:oxeye_daisy":1,"minecraft:mace":1,"minecraft:wheat_seeds":1},"minecraft:picked_up":{"minecraft:stick":7,"minecraft:torch":1,"minecraft:dandelion":5,"minecraft:porkchop":3,"minecraft:sand":5,"minecraft:mace":1,"minecraft:wheat_seeds":1,"minecraft:gray_wool":1,"minecraft:sugar_cane":16,"minecraft:mutton":2,"minecraft:white_wool":1,"minecraft:oxeye_daisy":1},"minecraft:killed":{"minecraft:sheep":1,"minecraft:pig":1},"minecraft:custom":{"minecraft:time_since_rest":13395,"minecraft:sprint_one_cm":56963,"minecraft:damage_taken":20,"minecraft:walk_one_cm":11736,"minecraft:mob_kills":2,"minecraft:drop":3,"minecraft:damage_dealt":286,"minecraft:talked_to_villager":3,"minecraft:fly_one_cm":105097,"minecraft:open_chest":4,"minecraft:crouch_one_cm":264,"minecraft:play_time":17433,"minecraft:deaths":1,"minecraft:sneak_time":58,"minecraft:jump":403,"minecraft:leave_game":1,"minecraft:time_since_death":13358,"minecraft:walk_on_water_one_cm":460,"minecraft:total_world_time":17433,"minecraft:fall_one_cm":11785},"minecraft:used":{"minecraft:mace":2,"minecraft:white_wool":1,"minecraft:sand":5,"minecraft:mutton":2,"minecraft:porkchop":3,"minecraft:gray_wool":1,"minecraft:dandelion":5},"minecraft:mined":{"minecraft:short_grass":9,"minecraft:dead_bush":7,"minecraft:sand":5,"minecraft:sugar_cane":7,"minecraft:oxeye_daisy":1,"minecraft:wall_torch":1}},"DataVersion":3953}