{"stats":{"minecraft:picked_up":{"minecraft:stick":7,"minecraft:sand":5,"minecraft:sugar_cane":16,"minecraft:white_wool":1},"minecraft:custom":{"minecraft:jump":155,"minecraft:time_since_rest":1060,"minecraft:damage_dealt":0,"minecraft:sprint_one_cm":21999,"minecraft:play_time":5098,"minecraft:deaths":1,"minecraft:time_since_death":1023,"minecraft:walk_one_cm":3986,"minecraft:total_world_time":5098,"minecraft:fall_one_cm":4505,"minecraft:fly_one_cm":39661},"minecraft:used":{"minecraft:white_wool":1,"minecraft:sand":5},"minecraft:mined":{"minecraft:sugar_cane":7,"minecraft:dead_bush":7,"minecraft:sand":5}},"DataVersion":3953}