{"stats":{"minecraft:broken":{"minecraft:stone_pickaxe":3,"minecraft:iron_pickaxe":3},"minecraft:mined":{"minecraft:tuff":73,"minecraft:white_bed":1,"minecraft:deepslate_diamond_ore":17,"minecraft:cherry_log":19,"minecraft:glow_lichen":1,"minecraft:dark_oak_fence":2,"minecraft:acacia_log":18,"minecraft:grass_block":11,"minecraft:jungle_log":40,"minecraft:spruce_sapling":1,"minecraft:furnace":6,"minecraft:iron_ore":20,"minecraft:vine":6,"minecraft:deepslate_iron_ore":65,"minecraft:rail":1,"minecraft:bamboo":2,"minecraft:stone":222,"minecraft:white_wool":3,"minecraft:podzol":1,"minecraft:deepslate_redstone_ore":9,"minecraft:dandelion":1,"minecraft:crafting_table":2,"minecraft:torch":3,"minecraft:short_grass":142,"minecraft:melon":11,"minecraft:chest":1,"minecraft:dead_bush":3,"minecraft:cobblestone":8,"minecraft:copper_ore":12,"minecraft:tall_grass":10,"minecraft:deepslate_gold_ore":9,"minecraft:wall_torch":4,"minecraft:pink_petals":11,"minecraft:black_bed":1,"minecraft:bee_nest":1,"minecraft:coal_ore":74,"minecraft:oak_log":41,"minecraft:cherry_leaves":1,"minecraft:sand":3,"minecraft:dirt":24,"minecraft:cobweb":1,"minecraft:oak_leaves":7,"minecraft:deepslate":906,"minecraft:fern":5},"minecraft:killed_by":{"minecraft:player":2,"minecraft:skeleton":1,"minecraft:zombie":1},"minecraft:custom":{"minecraft:mob_kills":52,"minecraft:interact_with_crafting_table":44,"minecraft:leave_game":3,"minecraft:time_since_death":15955,"minecraft:climb_one_cm":1912,"minecraft:sprint_one_cm":300183,"minecraft:walk_one_cm":520628,"minecraft:drop":72,"minecraft:talked_to_villager":1,"minecraft:play_time":255376,"minecraft:deaths":5,"minecraft:sneak_time":42224,"minecraft:walk_under_water_one_cm":14034,"minecraft:jump":1828,"minecraft:walk_on_water_one_cm":21176,"minecraft:total_world_time":255376,"minecraft:interact_with_furnace":74,"minecraft:sleep_in_bed":7,"minecraft:time_since_rest":15988,"minecraft:damage_taken":2366,"minecraft:damage_dealt":5090,"minecraft:swim_one_cm":18507,"minecraft:fly_one_cm":816988,"minecraft:open_chest":11,"minecraft:crouch_one_cm":96678,"minecraft:fall_one_cm":31283},"minecraft:used":{"minecraft:stone_sword":39,"minecraft:chest":6,"minecraft:iron_sword":27,"minecraft:cooked_salmon":4,"minecraft:rotten_flesh":3,"minecraft:torch":72,"minecraft:dirt":3,"minecraft:mutton":5,"minecraft:iron_axe":46,"minecraft:grass_block":2,"minecraft:bow":4,"minecraft:furnace":11,"minecraft:egg":2,"minecraft:acacia_planks":7,"minecraft:cooked_beef":2,"minecraft:cobbled_deepslate":36,"minecraft:cooked_mutton":4,"minecraft:diorite":3,"minecraft:stone_pickaxe":432,"minecraft:wooden_pickaxe":18,"minecraft:white_wool":10,"minecraft:sand":3,"minecraft:crafting_table":8,"minecraft:white_bed":1,"minecraft:black_bed":2,"minecraft:diamond_pickaxe":542,"minecraft:apple":1,"minecraft:mace":1,"minecraft:melon_slice":12,"minecraft:iron_pickaxe":443,"minecraft:stone_axe":84,"minecraft:diamond_sword":79,"minecraft:cobblestone":130,"minecraft:white_banner":1,"minecraft:cooked_rabbit":6},"minecraft:crafted":{"minecraft:oak_planks":68,"minecraft:furnace":6,"minecraft:cooked_mutton":6,"minecraft:iron_boots":1,"minecraft:iron_axe":3,"minecraft:stone_pickaxe":2,"minecraft:chest":4,"minecraft:diamond_boots":1,"minecraft:cooked_rabbit":6,"minecraft:cooked_beef":2,"minecraft:diamond_sword":1,"minecraft:crafting_table":6,"minecraft:iron_helmet":1,"minecraft:wooden_pickaxe":1,"minecraft:iron_sword":1,"minecraft:cooked_salmon":6,"minecraft:stone_axe":1,"minecraft:air":0,"minecraft:jungle_planks":144,"minecraft:iron_chestplate":1,"minecraft:diamond_pickaxe":1,"minecraft:stick":24,"minecraft:iron_ingot":89,"minecraft:iron_pickaxe":2,"minecraft:stone_sword":1,"minecraft:iron_leggings":1,"minecraft:acacia_planks":68,"minecraft:torch":32},"minecraft:dropped":{"minecraft:bread":65,"minecraft:iron_sword":1,"minecraft:ominous_bottle":1,"minecraft:diamond":9,"minecraft:leather":2,"minecraft:stick":4,"minecraft:dirt":1,"minecraft:mace":1,"minecraft:diorite":32,"minecraft:torch":128,"minecraft:melon_slice":14,"minecraft:cooked_salmon":3,"minecraft:armadillo_scute":2,"minecraft:iron_axe":1,"minecraft:iron_pickaxe":5,"minecraft:string":4,"minecraft:pink_petals":16,"minecraft:acacia_planks":8,"minecraft:stone_axe":1,"minecraft:sugar_cane":64,"minecraft:cobbled_deepslate":64,"minecraft:cherry_sapling":1,"minecraft:chicken":1,"minecraft:oak_planks":8,"minecraft:cooked_mutton":2,"minecraft:salmon":3,"minecraft:rabbit_foot":1,"minecraft:shield":1,"minecraft:gunpowder":2,"minecraft:iron_chestplate":2,"minecraft:diamond_pickaxe":1,"minecraft:acacia_sapling":6,"minecraft:bamboo":81,"minecraft:slime_ball":4,"minecraft:stone_pickaxe":2},"minecraft:picked_up":{"minecraft:crafting_table":2,"minecraft:iron_chestplate":6,"minecraft:wheat":18,"minecraft:ominous_bottle":2,"minecraft:chicken":3,"minecraft:chest_minecart":2,"minecraft:diamond_sword":2,"minecraft:wooden_pickaxe":2,"minecraft:cooked_rabbit":1,"minecraft:string":8,"minecraft:raw_copper":88,"minecraft:cooked_salmon":2,"minecraft:cobbled_deepslate":1733,"minecraft:beef":2,"minecraft:iron_pickaxe":9,"minecraft:light_gray_wool":1,"minecraft:melon_slice":77,"minecraft:chest":2,"minecraft:egg":2,"minecraft:furnace":6,"minecraft:raw_iron":184,"minecraft:stick":23,"minecraft:torch":44,"minecraft:acacia_log":17,"minecraft:mace":1,"minecraft:cherry_log":28,"minecraft:diorite":43,"minecraft:redstone":44,"minecraft:rabbit_foot":3,"minecraft:stone_sword":4,"minecraft:arrow":12,"minecraft:rotten_flesh":10,"minecraft:diamond_boots":2,"minecraft:armadillo_scute":4,"minecraft:mutton":14,"minecraft:rail":2,"minecraft:white_wool":25,"minecraft:cobblestone":229,"minecraft:oxeye_daisy":1,"minecraft:pink_petals":37,"minecraft:feather":4,"minecraft:cherry_planks":64,"minecraft:andesite":2,"minecraft:jungle_log":36,"minecraft:salmon":12,"minecraft:black_bed":2,"minecraft:leather":6,"minecraft:tuff":138,"minecraft:oak_log":55,"minecraft:gunpowder":4,"minecraft:dirt":33,"minecraft:white_banner":2,"minecraft:name_tag":2,"minecraft:apple":1,"minecraft:bone":23,"minecraft:acacia_planks":46,"minecraft:bow":5,"minecraft:wheat_seeds":49,"minecraft:raw_gold":41,"minecraft:rabbit_hide":15,"minecraft:stone_pickaxe":5,"minecraft:rabbit":6,"minecraft:bamboo":68,"minecraft:oak_planks":44,"minecraft:acacia_sapling":12,"minecraft:iron_sword":2,"minecraft:dandelion":1,"minecraft:raw_iron_block":1,"minecraft:jungle_planks":15,"minecraft:sand":3,"minecraft:spruce_sapling":1,"minecraft:white_bed":1,"minecraft:grass_block":1,"minecraft:spider_eye":1,"minecraft:pumpkin_seeds":8,"minecraft:slime_ball":4,"minecraft:diamond":49,"minecraft:stone_axe":1,"minecraft:crossbow":2,"minecraft:cherry_sapling":26,"minecraft:bread":4,"minecraft:black_wool":1,"minecraft:dark_oak_fence":10,"minecraft:coal":104,"minecraft:ender_pearl":4},"minecraft:killed":{"minecraft:spider":2,"minecraft:slime":5,"minecraft:skeleton":5,"minecraft:chicken":2,"minecraft:zombie_villager":1,"minecraft:salmon":11,"minecraft:rabbit":6,"minecraft:bat":1,"minecraft:sheep":7,"minecraft:pillager":6,"minecraft:zombie":5,"minecraft:cow":1}},"DataVersion":3953}