{"stats":{"minecraft:mined":{"minecraft:white_bed":1,"minecraft:dandelion":1,"minecraft:crafting_table":2,"minecraft:glow_lichen":1,"minecraft:short_grass":96,"minecraft:acacia_log":18,"minecraft:grass_block":4,"minecraft:dead_bush":2,"minecraft:tall_grass":7,"minecraft:copper_ore":12,"minecraft:cobblestone":4,"minecraft:wall_torch":1,"minecraft:furnace":2,"minecraft:iron_ore":20,"minecraft:coal_ore":74,"minecraft:sand":3,"minecraft:dirt":15,"minecraft:stone":186,"minecraft:white_wool":3,"minecraft:oak_leaves":2},"minecraft:broken":{"minecraft:stone_pickaxe":2},"minecraft:custom":{"minecraft:interact_with_furnace":14,"minecraft:mob_kills":11,"minecraft:interact_with_crafting_table":18,"minecraft:leave_game":2,"minecraft:time_since_death":63210,"minecraft:time_since_rest":63235,"minecraft:sprint_one_cm":64829,"minecraft:damage_taken":638,"minecraft:walk_one_cm":153851,"minecraft:drop":1,"minecraft:damage_dealt":1478,"minecraft:swim_one_cm":7878,"minecraft:talked_to_villager":1,"minecraft:fly_one_cm":209076,"minecraft:crouch_one_cm":27530,"minecraft:play_time":98865,"minecraft:deaths":1,"minecraft:sneak_time":11115,"minecraft:walk_under_water_one_cm":1735,"minecraft:jump":662,"minecraft:walk_on_water_one_cm":4661,"minecraft:total_world_time":98865,"minecraft:fall_one_cm":7615},"minecraft:used":{"minecraft:cooked_mutton":2,"minecraft:stone_sword":35,"minecraft:stone_pickaxe":265,"minecraft:wooden_pickaxe":18,"minecraft:rotten_flesh":3,"minecraft:white_wool":10,"minecraft:torch":26,"minecraft:dirt":1,"minecraft:sand":3,"minecraft:crafting_table":3,"minecraft:mace":1,"minecraft:grass_block":2,"minecraft:iron_pickaxe":21,"minecraft:cobblestone":122,"minecraft:furnace":4,"minecraft:egg":1,"minecraft:cooked_beef":2},"minecraft:dropped":{"minecraft:mace":1},"minecraft:crafted":{"minecraft:cooked_beef":2,"minecraft:crafting_table":1,"minecraft:wooden_pickaxe":1,"minecraft:furnace":2,"minecraft:cooked_mutton":2,"minecraft:air":0,"minecraft:iron_chestplate":1,"minecraft:stick":16,"minecraft:iron_ingot":12,"minecraft:iron_pickaxe":1,"minecraft:stone_pickaxe":2,"minecraft:stone_sword":1,"minecraft:acacia_planks":68,"minecraft:torch":24},"minecraft:picked_up":{"minecraft:crafting_table":2,"minecraft:leather":2,"minecraft:gunpowder":1,"minecraft:dirt":19,"minecraft:string":1,"minecraft:raw_copper":44,"minecraft:bone":6,"minecraft:wheat_seeds":15,"minecraft:beef":2,"minecraft:light_gray_wool":1,"minecraft:acacia_sapling":3,"minecraft:furnace":2,"minecraft:egg":1,"minecraft:raw_iron":20,"minecraft:torch":2,"minecraft:dandelion":1,"minecraft:acacia_log":17,"minecraft:sand":3,"minecraft:mace":1,"minecraft:diorite":3,"minecraft:white_bed":1,"minecraft:grass_block":1,"minecraft:arrow":3,"minecraft:rotten_flesh":3,"minecraft:armadillo_scute":1,"minecraft:mutton":3,"minecraft:coal":74,"minecraft:oxeye_daisy":1,"minecraft:white_wool":3,"minecraft:cobblestone":186,"minecraft:ender_pearl":1},"minecraft:killed":{"minecraft:spider":1,"minecraft:bat":1,"minecraft:sheep":2,"minecraft:skeleton":3,"minecraft:zombie":2,"minecraft:chicken":1,"minecraft:cow":1}},"DataVersion":3953}