{"stats":{"minecraft:picked_up":{"minecraft:sand":3},"minecraft:custom":{"minecraft:jump":30,"minecraft:time_since_rest":4737,"minecraft:crouch_one_cm":182,"minecraft:sprint_one_cm":2423,"minecraft:play_time":4737,"minecraft:time_since_death":4737,"minecraft:walk_one_cm":5829,"minecraft:sneak_time":92,"minecraft:total_world_time":4737,"minecraft:fall_one_cm":476,"minecraft:fly_one_cm":42782},"minecraft:mined":{"minecraft:dead_bush":2,"minecraft:sand":3},"minecraft:used":{"minecraft:sand":3}},"DataVersion":3953}