{"stats":{"minecraft:mined":{"minecraft:furnace":1,"minecraft:dandelion":1,"minecraft:crafting_table":1,"minecraft:short_grass":50,"minecraft:acacia_log":12,"minecraft:grass_block":4,"minecraft:coal_ore":20,"minecraft:dead_bush":2,"minecraft:dirt":15,"minecraft:sand":3,"minecraft:tall_grass":6,"minecraft:stone":39,"minecraft:white_wool":3},"minecraft:used":{"minecraft:mace":1,"minecraft:grass_block":2,"minecraft:stone_pickaxe":57,"minecraft:wooden_pickaxe":3,"minecraft:torch":1,"minecraft:white_wool":10,"minecraft:dirt":1,"minecraft:sand":3,"minecraft:crafting_table":2,"minecraft:furnace":1},"minecraft:custom":{"minecraft:time_since_rest":11730,"minecraft:interact_with_furnace":3,"minecraft:sprint_one_cm":25047,"minecraft:damage_taken":127,"minecraft:walk_one_cm":62467,"minecraft:mob_kills":2,"minecraft:drop":1,"minecraft:damage_dealt":219,"minecraft:interact_with_crafting_table":5,"minecraft:fly_one_cm":180184,"minecraft:crouch_one_cm":7728,"minecraft:play_time":47360,"minecraft:deaths":1,"minecraft:sneak_time":2673,"minecraft:walk_under_water_one_cm":1086,"minecraft:jump":207,"minecraft:leave_game":2,"minecraft:time_since_death":11705,"minecraft:walk_on_water_one_cm":3838,"minecraft:total_world_time":47360,"minecraft:fall_one_cm":2415},"minecraft:dropped":{"minecraft:mace":1},"minecraft:crafted":{"minecraft:cooked_beef":2,"minecraft:crafting_table":1,"minecraft:stick":8,"minecraft:wooden_pickaxe":1,"minecraft:stone_pickaxe":1,"minecraft:furnace":1,"minecraft:acacia_planks":44,"minecraft:torch":8,"minecraft:air":0},"minecraft:picked_up":{"minecraft:crafting_table":1,"minecraft:leather":2,"minecraft:dandelion":1,"minecraft:acacia_log":11,"minecraft:sand":3,"minecraft:mace":1,"minecraft:dirt":19,"minecraft:wheat_seeds":8,"minecraft:beef":2,"minecraft:armadillo_scute":1,"minecraft:coal":20,"minecraft:mutton":1,"minecraft:acacia_sapling":3,"minecraft:furnace":1,"minecraft:white_wool":3,"minecraft:cobblestone":38,"minecraft:oxeye_daisy":1},"minecraft:killed":{"minecraft:sheep":1,"minecraft:cow":1}},"DataVersion":3953}