{"stats":{"minecraft:picked_up":{"minecraft:sand":3},"minecraft:custom":{"minecraft:jump":30,"minecraft:time_since_rest":11822,"minecraft:crouch_one_cm":182,"minecraft:leave_game":1,"minecraft:sprint_one_cm":2423,"minecraft:play_time":11822,"minecraft:time_since_death":11822,"minecraft:walk_one_cm":5829,"minecraft:sneak_time":92,"minecraft:total_world_time":11822,"minecraft:fall_one_cm":476,"minecraft:fly_one_cm":54779},"minecraft:mined":{"minecraft:dead_bush":2,"minecraft:sand":3},"minecraft:used":{"minecraft:sand":3}},"DataVersion":3953}