{"stats":{"minecraft:dropped":{"minecraft:mace":1},"minecraft:picked_up":{"minecraft:dandelion":1,"minecraft:sand":3,"minecraft:mace":1,"minecraft:mutton":1,"minecraft:oxeye_daisy":1},"minecraft:killed":{"minecraft:sheep":1},"minecraft:custom":{"minecraft:time_since_rest":29636,"minecraft:crouch_one_cm":1065,"minecraft:sprint_one_cm":7664,"minecraft:play_time":29636,"minecraft:damage_taken":64,"minecraft:walk_one_cm":29762,"minecraft:sneak_time":223,"minecraft:walk_under_water_one_cm":1086,"minecraft:mob_kills":1,"minecraft:drop":1,"minecraft:jump":82,"minecraft:damage_dealt":90,"minecraft:leave_game":1,"minecraft:time_since_death":29636,"minecraft:walk_on_water_one_cm":3838,"minecraft:total_world_time":29636,"minecraft:fall_one_cm":894,"minecraft:fly_one_cm":164252},"minecraft:used":{"minecraft:white_wool":10,"minecraft:sand":3,"minecraft:mace":1,"minecraft:grass_block":2},"minecraft:mined":{"minecraft:dead_bush":2,"minecraft:sand":3,"minecraft:dandelion":1}},"DataVersion":3953}