{"stats":{"minecraft:mined":{"minecraft:short_grass":6,"minecraft:dead_bush":2,"minecraft:sand":3,"minecraft:dandelion":1},"minecraft:used":{"minecraft:white_wool":10,"minecraft:sand":3,"minecraft:mace":1,"minecraft:grass_block":2},"minecraft:custom":{"minecraft:time_since_rest":33839,"minecraft:crouch_one_cm":1380,"minecraft:sprint_one_cm":8021,"minecraft:play_time":33839,"minecraft:damage_taken":127,"minecraft:walk_one_cm":34633,"minecraft:sneak_time":251,"minecraft:walk_under_water_one_cm":1086,"minecraft:mob_kills":1,"minecraft:drop":1,"minecraft:jump":94,"minecraft:damage_dealt":90,"minecraft:leave_game":1,"minecraft:walk_on_water_one_cm":3838,"minecraft:time_since_death":33839,"minecraft:total_world_time":33839,"minecraft:fall_one_cm":894,"minecraft:fly_one_cm":164366},"minecraft:dropped":{"minecraft:mace":1},"minecraft:picked_up":{"minecraft:wheat_seeds":1,"minecraft:dandelion":1,"minecraft:sand":3,"minecraft:mace":1,"minecraft:mutton":1,"minecraft:oxeye_daisy":1},"minecraft:killed":{"minecraft:sheep":1}},"DataVersion":3953}