{"stats":{"minecraft:mined":{"minecraft:white_bed":1,"minecraft:furnace":2,"minecraft:iron_ore":1,"minecraft:dandelion":1,"minecraft:crafting_table":2,"minecraft:short_grass":96,"minecraft:acacia_log":18,"minecraft:grass_block":4,"minecraft:coal_ore":65,"minecraft:dead_bush":2,"minecraft:sand":3,"minecraft:dirt":15,"minecraft:copper_ore":8,"minecraft:tall_grass":7,"minecraft:cobblestone":2,"minecraft:stone":126,"minecraft:oak_leaves":2,"minecraft:white_wool":3},"minecraft:broken":{"minecraft:stone_pickaxe":1},"minecraft:used":{"minecraft:cooked_mutton":2,"minecraft:stone_sword":4,"minecraft:mace":1,"minecraft:grass_block":2,"minecraft:stone_pickaxe":204,"minecraft:wooden_pickaxe":6,"minecraft:white_wool":10,"minecraft:torch":10,"minecraft:dirt":1,"minecraft:sand":3,"minecraft:cobblestone":71,"minecraft:crafting_table":2,"minecraft:furnace":2},"minecraft:custom":{"minecraft:time_since_rest":51235,"minecraft:interact_with_furnace":7,"minecraft:sprint_one_cm":54864,"minecraft:damage_taken":167,"minecraft:walk_one_cm":121823,"minecraft:mob_kills":4,"minecraft:drop":1,"minecraft:damage_dealt":359,"minecraft:talked_to_villager":1,"minecraft:interact_with_crafting_table":10,"minecraft:fly_one_cm":203504,"minecraft:crouch_one_cm":19817,"minecraft:play_time":86865,"minecraft:deaths":1,"minecraft:sneak_time":7984,"minecraft:walk_under_water_one_cm":1086,"minecraft:jump":497,"minecraft:leave_game":2,"minecraft:time_since_death":51210,"minecraft:walk_on_water_one_cm":3838,"minecraft:total_world_time":86865,"minecraft:fall_one_cm":5577},"minecraft:dropped":{"minecraft:mace":1},"minecraft:crafted":{"minecraft:cooked_beef":2,"minecraft:crafting_table":1,"minecraft:stick":12,"minecraft:wooden_pickaxe":1,"minecraft:stone_pickaxe":2,"minecraft:stone_sword":1,"minecraft:furnace":1,"minecraft:acacia_planks":68,"minecraft:torch":20,"minecraft:cooked_mutton":2,"minecraft:air":0},"minecraft:picked_up":{"minecraft:crafting_table":2,"minecraft:leather":2,"minecraft:acacia_log":17,"minecraft:dandelion":1,"minecraft:sand":3,"minecraft:mace":1,"minecraft:grass_block":1,"minecraft:white_bed":1,"minecraft:string":1,"minecraft:dirt":19,"minecraft:raw_copper":28,"minecraft:bone":4,"minecraft:arrow":2,"minecraft:wheat_seeds":15,"minecraft:beef":2,"minecraft:armadillo_scute":1,"minecraft:ender_pearl":1,"minecraft:light_gray_wool":1,"minecraft:egg":1,"minecraft:mutton":3,"minecraft:acacia_sapling":3,"minecraft:coal":65,"minecraft:furnace":2,"minecraft:white_wool":3,"minecraft:cobblestone":124,"minecraft:oxeye_daisy":1},"minecraft:killed":{"minecraft:skeleton":1,"minecraft:sheep":2,"minecraft:cow":1}},"DataVersion":3953}