{"stats":{"minecraft:mined":{"minecraft:furnace":1,"minecraft:dandelion":1,"minecraft:crafting_table":1,"minecraft:short_grass":50,"minecraft:acacia_log":12,"minecraft:grass_block":4,"minecraft:coal_ore":41,"minecraft:dead_bush":2,"minecraft:sand":3,"minecraft:dirt":15,"minecraft:tall_grass":6,"minecraft:stone":83,"minecraft:white_wool":3},"minecraft:used":{"minecraft:mace":1,"minecraft:grass_block":2,"minecraft:stone_pickaxe":122,"minecraft:wooden_pickaxe":3,"minecraft:white_wool":10,"minecraft:torch":3,"minecraft:dirt":1,"minecraft:sand":3,"minecraft:crafting_table":2,"minecraft:furnace":1},"minecraft:custom":{"minecraft:time_since_rest":21235,"minecraft:interact_with_furnace":3,"minecraft:sprint_one_cm":25340,"minecraft:damage_taken":127,"minecraft:walk_one_cm":78652,"minecraft:mob_kills":2,"minecraft:drop":1,"minecraft:damage_dealt":219,"minecraft:interact_with_crafting_table":6,"minecraft:fly_one_cm":180236,"minecraft:crouch_one_cm":10303,"minecraft:play_time":56865,"minecraft:deaths":1,"minecraft:sneak_time":4138,"minecraft:walk_under_water_one_cm":1086,"minecraft:jump":282,"minecraft:leave_game":2,"minecraft:time_since_death":21210,"minecraft:walk_on_water_one_cm":3838,"minecraft:total_world_time":56865,"minecraft:fall_one_cm":2415},"minecraft:dropped":{"minecraft:mace":1},"minecraft:crafted":{"minecraft:cooked_beef":2,"minecraft:crafting_table":1,"minecraft:stick":8,"minecraft:wooden_pickaxe":1,"minecraft:stone_pickaxe":1,"minecraft:furnace":1,"minecraft:acacia_planks":44,"minecraft:torch":8,"minecraft:air":0},"minecraft:picked_up":{"minecraft:crafting_table":1,"minecraft:leather":2,"minecraft:acacia_log":11,"minecraft:dandelion":1,"minecraft:sand":3,"minecraft:mace":1,"minecraft:dirt":19,"minecraft:wheat_seeds":8,"minecraft:beef":2,"minecraft:armadillo_scute":1,"minecraft:mutton":1,"minecraft:acacia_sapling":3,"minecraft:coal":41,"minecraft:furnace":1,"minecraft:white_wool":3,"minecraft:cobblestone":83,"minecraft:oxeye_daisy":1},"minecraft:killed":{"minecraft:sheep":1,"minecraft:cow":1}},"DataVersion":3953}