{"stats":{"minecraft:mined":{"minecraft:white_bed":1,"minecraft:dandelion":1,"minecraft:crafting_table":2,"minecraft:glow_lichen":1,"minecraft:short_grass":105,"minecraft:acacia_log":18,"minecraft:grass_block":4,"minecraft:dead_bush":3,"minecraft:tall_grass":7,"minecraft:copper_ore":12,"minecraft:cobblestone":5,"minecraft:wall_torch":1,"minecraft:furnace":4,"minecraft:iron_ore":20,"minecraft:coal_ore":74,"minecraft:sand":3,"minecraft:dirt":15,"minecraft:stone":187,"minecraft:white_wool":3,"minecraft:oak_leaves":2},"minecraft:broken":{"minecraft:stone_pickaxe":2},"minecraft:custom":{"minecraft:interact_with_furnace":32,"minecraft:mob_kills":20,"minecraft:interact_with_crafting_table":20,"minecraft:leave_game":2,"minecraft:time_since_death":75210,"minecraft:sleep_in_bed":4,"minecraft:time_since_rest":9216,"minecraft:sprint_one_cm":83277,"minecraft:damage_taken":690,"minecraft:walk_one_cm":195049,"minecraft:drop":2,"minecraft:damage_dealt":1978,"minecraft:swim_one_cm":7878,"minecraft:talked_to_villager":1,"minecraft:fly_one_cm":228245,"minecraft:crouch_one_cm":28507,"minecraft:play_time":110865,"minecraft:deaths":1,"minecraft:sneak_time":11331,"minecraft:walk_under_water_one_cm":1735,"minecraft:jump":902,"minecraft:walk_on_water_one_cm":4857,"minecraft:total_world_time":110865,"minecraft:fall_one_cm":10156},"minecraft:used":{"minecraft:cooked_mutton":2,"minecraft:diorite":3,"minecraft:stone_sword":35,"minecraft:stone_pickaxe":265,"minecraft:wooden_pickaxe":18,"minecraft:iron_sword":18,"minecraft:rotten_flesh":3,"minecraft:white_wool":10,"minecraft:torch":26,"minecraft:dirt":1,"minecraft:sand":3,"minecraft:crafting_table":3,"minecraft:white_bed":1,"minecraft:mace":1,"minecraft:grass_block":2,"minecraft:iron_pickaxe":25,"minecraft:cobblestone":127,"minecraft:furnace":5,"minecraft:cooked_rabbit":5,"minecraft:egg":2,"minecraft:cooked_beef":2},"minecraft:dropped":{"minecraft:cooked_mutton":2,"minecraft:mace":1},"minecraft:crafted":{"minecraft:cooked_beef":2,"minecraft:crafting_table":1,"minecraft:wooden_pickaxe":1,"minecraft:iron_sword":1,"minecraft:furnace":2,"minecraft:cooked_mutton":4,"minecraft:air":0,"minecraft:iron_boots":1,"minecraft:iron_chestplate":1,"minecraft:stick":16,"minecraft:iron_ingot":20,"minecraft:iron_pickaxe":1,"minecraft:stone_pickaxe":2,"minecraft:stone_sword":1,"minecraft:acacia_planks":68,"minecraft:torch":24,"minecraft:cooked_rabbit":5},"minecraft:picked_up":{"minecraft:crafting_table":2,"minecraft:feather":2,"minecraft:chicken":1,"minecraft:leather":2,"minecraft:gunpowder":1,"minecraft:dirt":19,"minecraft:string":1,"minecraft:raw_copper":44,"minecraft:bone":7,"minecraft:bow":1,"minecraft:wheat_seeds":15,"minecraft:rabbit_hide":3,"minecraft:beef":2,"minecraft:rabbit":6,"minecraft:light_gray_wool":1,"minecraft:acacia_sapling":3,"minecraft:furnace":4,"minecraft:egg":2,"minecraft:stick":2,"minecraft:raw_iron":20,"minecraft:torch":2,"minecraft:dandelion":1,"minecraft:acacia_log":17,"minecraft:sand":3,"minecraft:mace":1,"minecraft:diorite":3,"minecraft:white_bed":1,"minecraft:grass_block":1,"minecraft:rabbit_foot":1,"minecraft:arrow":4,"minecraft:rotten_flesh":3,"minecraft:armadillo_scute":1,"minecraft:mutton":5,"minecraft:coal":104,"minecraft:oxeye_daisy":1,"minecraft:white_wool":4,"minecraft:cobblestone":188,"minecraft:ender_pearl":1},"minecraft:killed":{"minecraft:rabbit":6,"minecraft:spider":1,"minecraft:bat":1,"minecraft:sheep":3,"minecraft:skeleton":4,"minecraft:zombie":2,"minecraft:chicken":2,"minecraft:cow":1}},"DataVersion":3953}