{"stats":{"minecraft:broken":{"minecraft:stone_pickaxe":3,"minecraft:iron_pickaxe":3},"minecraft:mined":{"minecraft:podzol":1,"minecraft:deepslate_redstone_ore":9,"minecraft:tuff":59,"minecraft:white_bed":1,"minecraft:deepslate_diamond_ore":17,"minecraft:dandelion":1,"minecraft:crafting_table":2,"minecraft:glow_lichen":1,"minecraft:short_grass":105,"minecraft:acacia_log":18,"minecraft:grass_block":4,"minecraft:dead_bush":3,"minecraft:tall_grass":7,"minecraft:copper_ore":12,"minecraft:cobblestone":8,"minecraft:deepslate_gold_ore":9,"minecraft:wall_torch":4,"minecraft:furnace":5,"minecraft:iron_ore":20,"minecraft:black_bed":1,"minecraft:oak_log":3,"minecraft:coal_ore":74,"minecraft:deepslate_iron_ore":65,"minecraft:sand":3,"minecraft:dirt":15,"minecraft:stone":187,"minecraft:white_wool":3,"minecraft:deepslate":834,"minecraft:oak_leaves":4},"minecraft:killed_by":{"minecraft:skeleton":1,"minecraft:zombie":1},"minecraft:custom":{"minecraft:interact_with_furnace":38,"minecraft:mob_kills":34,"minecraft:interact_with_crafting_table":26,"minecraft:climb_one_cm":99,"minecraft:leave_game":2,"minecraft:time_since_death":65193,"minecraft:sleep_in_bed":5,"minecraft:time_since_rest":11729,"minecraft:sprint_one_cm":136031,"minecraft:damage_taken":1342,"minecraft:walk_one_cm":327774,"minecraft:drop":28,"minecraft:damage_dealt":2790,"minecraft:swim_one_cm":8487,"minecraft:talked_to_villager":1,"minecraft:fly_one_cm":498524,"minecraft:crouch_one_cm":84704,"minecraft:play_time":182865,"minecraft:deaths":3,"minecraft:sneak_time":36553,"minecraft:walk_under_water_one_cm":9868,"minecraft:jump":1199,"minecraft:walk_on_water_one_cm":14464,"minecraft:total_world_time":182865,"minecraft:fall_one_cm":18180},"minecraft:used":{"minecraft:cooked_mutton":2,"minecraft:diorite":3,"minecraft:stone_sword":39,"minecraft:stone_pickaxe":431,"minecraft:wooden_pickaxe":18,"minecraft:iron_sword":27,"minecraft:rotten_flesh":3,"minecraft:white_wool":10,"minecraft:torch":69,"minecraft:dirt":1,"minecraft:sand":3,"minecraft:crafting_table":5,"minecraft:white_bed":1,"minecraft:black_bed":1,"minecraft:diamond_pickaxe":542,"minecraft:mace":1,"minecraft:grass_block":2,"minecraft:iron_pickaxe":317,"minecraft:diamond_sword":12,"minecraft:cobblestone":130,"minecraft:bow":4,"minecraft:furnace":7,"minecraft:cooked_rabbit":6,"minecraft:egg":2,"minecraft:cooked_beef":2,"minecraft:cobbled_deepslate":29,"minecraft:acacia_planks":7},"minecraft:dropped":{"minecraft:bread":65,"minecraft:iron_sword":1,"minecraft:sugar_cane":64,"minecraft:diamond":9,"minecraft:chicken":1,"minecraft:cooked_mutton":2,"minecraft:rabbit_foot":1,"minecraft:stick":2,"minecraft:dirt":1,"minecraft:shield":1,"minecraft:mace":1,"minecraft:torch":128,"minecraft:diamond_pickaxe":1,"minecraft:iron_chestplate":2,"minecraft:armadillo_scute":2,"minecraft:bamboo":64,"minecraft:iron_pickaxe":3,"minecraft:string":3,"minecraft:acacia_planks":4},"minecraft:crafted":{"minecraft:cooked_beef":2,"minecraft:oak_planks":12,"minecraft:diamond_sword":1,"minecraft:crafting_table":4,"minecraft:wooden_pickaxe":1,"minecraft:iron_sword":1,"minecraft:furnace":3,"minecraft:cooked_mutton":4,"minecraft:air":0,"minecraft:iron_boots":1,"minecraft:iron_chestplate":1,"minecraft:diamond_pickaxe":1,"minecraft:stick":20,"minecraft:iron_ingot":20,"minecraft:iron_pickaxe":1,"minecraft:stone_pickaxe":2,"minecraft:stone_sword":1,"minecraft:diamond_boots":1,"minecraft:acacia_planks":68,"minecraft:torch":32,"minecraft:cooked_rabbit":6},"minecraft:picked_up":{"minecraft:iron_chestplate":4,"minecraft:crafting_table":2,"minecraft:feather":4,"minecraft:chicken":3,"minecraft:salmon":6,"minecraft:black_bed":2,"minecraft:leather":6,"minecraft:wooden_pickaxe":2,"minecraft:cooked_rabbit":1,"minecraft:tuff":62,"minecraft:oak_log":3,"minecraft:gunpowder":3,"minecraft:dirt":20,"minecraft:string":7,"minecraft:raw_copper":88,"minecraft:bone":23,"minecraft:acacia_planks":46,"minecraft:bow":3,"minecraft:wheat_seeds":29,"minecraft:cobbled_deepslate":874,"minecraft:raw_gold":11,"minecraft:rabbit_hide":9,"minecraft:stone_pickaxe":4,"minecraft:beef":2,"minecraft:iron_pickaxe":5,"minecraft:rabbit":6,"minecraft:light_gray_wool":1,"minecraft:iron_sword":2,"minecraft:acacia_sapling":9,"minecraft:furnace":5,"minecraft:egg":2,"minecraft:stick":4,"minecraft:raw_iron":120,"minecraft:torch":41,"minecraft:dandelion":1,"minecraft:acacia_log":17,"minecraft:sand":3,"minecraft:mace":1,"minecraft:diorite":35,"minecraft:white_bed":1,"minecraft:grass_block":1,"minecraft:redstone":44,"minecraft:spider_eye":1,"minecraft:rabbit_foot":3,"minecraft:slime_ball":2,"minecraft:stone_sword":2,"minecraft:arrow":12,"minecraft:rotten_flesh":4,"minecraft:diamond":29,"minecraft:armadillo_scute":4,"minecraft:bread":4,"minecraft:mutton":5,"minecraft:coal":104,"minecraft:oxeye_daisy":1,"minecraft:white_wool":12,"minecraft:cobblestone":191,"minecraft:ender_pearl":3},"minecraft:killed":{"minecraft:salmon":6,"minecraft:rabbit":6,"minecraft:spider":2,"minecraft:bat":1,"minecraft:slime":5,"minecraft:sheep":3,"minecraft:skeleton":5,"minecraft:zombie":3,"minecraft:chicken":2,"minecraft:cow":1}},"DataVersion":3953}