{"stats":{"minecraft:picked_up":{"minecraft:sand":3,"minecraft:mutton":1},"minecraft:killed":{"minecraft:sheep":1},"minecraft:custom":{"minecraft:jump":44,"minecraft:time_since_rest":17161,"minecraft:damage_dealt":80,"minecraft:crouch_one_cm":481,"minecraft:leave_game":1,"minecraft:play_time":17161,"minecraft:sprint_one_cm":3443,"minecraft:walk_on_water_one_cm":3838,"minecraft:time_since_death":17161,"minecraft:walk_one_cm":12955,"minecraft:sneak_time":143,"minecraft:walk_under_water_one_cm":1086,"minecraft:total_world_time":17161,"minecraft:mob_kills":1,"minecraft:fall_one_cm":476,"minecraft:fly_one_cm":152584},"minecraft:used":{"minecraft:sand":3,"minecraft:mace":1,"minecraft:grass_block":1},"minecraft:mined":{"minecraft:dead_bush":2,"minecraft:sand":3}},"DataVersion":3953}