{"stats":{"minecraft:mined":{"minecraft:tuff":10,"minecraft:white_bed":1,"minecraft:deepslate_diamond_ore":3,"minecraft:dandelion":1,"minecraft:crafting_table":2,"minecraft:glow_lichen":1,"minecraft:short_grass":105,"minecraft:acacia_log":18,"minecraft:grass_block":4,"minecraft:dead_bush":3,"minecraft:tall_grass":7,"minecraft:copper_ore":12,"minecraft:cobblestone":8,"minecraft:deepslate_gold_ore":1,"minecraft:wall_torch":1,"minecraft:furnace":4,"minecraft:iron_ore":20,"minecraft:coal_ore":74,"minecraft:deepslate_iron_ore":11,"minecraft:sand":3,"minecraft:dirt":15,"minecraft:stone":187,"minecraft:white_wool":3,"minecraft:deepslate":55,"minecraft:oak_leaves":2},"minecraft:broken":{"minecraft:stone_pickaxe":2},"minecraft:killed_by":{"minecraft:skeleton":1,"minecraft:zombie":1},"minecraft:custom":{"minecraft:interact_with_furnace":33,"minecraft:mob_kills":23,"minecraft:interact_with_crafting_table":20,"minecraft:leave_game":2,"minecraft:time_since_death":5193,"minecraft:sleep_in_bed":4,"minecraft:time_since_rest":5266,"minecraft:sprint_one_cm":106110,"minecraft:damage_taken":1319,"minecraft:walk_one_cm":228982,"minecraft:drop":2,"minecraft:damage_dealt":2530,"minecraft:swim_one_cm":8487,"minecraft:talked_to_villager":1,"minecraft:fly_one_cm":278113,"minecraft:crouch_one_cm":34553,"minecraft:play_time":122865,"minecraft:deaths":3,"minecraft:sneak_time":13991,"minecraft:walk_under_water_one_cm":2234,"minecraft:jump":1066,"minecraft:walk_on_water_one_cm":6153,"minecraft:total_world_time":122865,"minecraft:fall_one_cm":17367},"minecraft:used":{"minecraft:cooked_mutton":2,"minecraft:diorite":3,"minecraft:stone_sword":39,"minecraft:stone_pickaxe":265,"minecraft:wooden_pickaxe":18,"minecraft:iron_sword":27,"minecraft:rotten_flesh":3,"minecraft:white_wool":10,"minecraft:torch":32,"minecraft:dirt":1,"minecraft:sand":3,"minecraft:crafting_table":3,"minecraft:white_bed":1,"minecraft:mace":1,"minecraft:grass_block":2,"minecraft:iron_pickaxe":109,"minecraft:cobblestone":130,"minecraft:bow":4,"minecraft:furnace":5,"minecraft:cooked_rabbit":6,"minecraft:egg":2,"minecraft:cooked_beef":2,"minecraft:cobbled_deepslate":4,"minecraft:acacia_planks":7},"minecraft:dropped":{"minecraft:cooked_mutton":2,"minecraft:mace":1},"minecraft:crafted":{"minecraft:cooked_beef":2,"minecraft:crafting_table":1,"minecraft:wooden_pickaxe":1,"minecraft:iron_sword":1,"minecraft:furnace":2,"minecraft:cooked_mutton":4,"minecraft:air":0,"minecraft:iron_boots":1,"minecraft:iron_chestplate":1,"minecraft:stick":16,"minecraft:iron_ingot":20,"minecraft:iron_pickaxe":1,"minecraft:stone_pickaxe":2,"minecraft:stone_sword":1,"minecraft:acacia_planks":68,"minecraft:torch":32,"minecraft:cooked_rabbit":6},"minecraft:picked_up":{"minecraft:iron_chestplate":2,"minecraft:crafting_table":2,"minecraft:feather":4,"minecraft:chicken":3,"minecraft:leather":6,"minecraft:wooden_pickaxe":2,"minecraft:cooked_rabbit":1,"minecraft:tuff":12,"minecraft:gunpowder":3,"minecraft:dirt":19,"minecraft:string":7,"minecraft:raw_copper":88,"minecraft:bone":23,"minecraft:acacia_planks":32,"minecraft:bow":3,"minecraft:wheat_seeds":29,"minecraft:cobbled_deepslate":85,"minecraft:raw_gold":3,"minecraft:rabbit_hide":9,"minecraft:stone_pickaxe":4,"minecraft:beef":2,"minecraft:iron_pickaxe":2,"minecraft:rabbit":6,"minecraft:light_gray_wool":1,"minecraft:iron_sword":2,"minecraft:acacia_sapling":9,"minecraft:furnace":4,"minecraft:egg":2,"minecraft:stick":3,"minecraft:raw_iron":41,"minecraft:torch":4,"minecraft:dandelion":1,"minecraft:acacia_log":17,"minecraft:sand":3,"minecraft:mace":1,"minecraft:diorite":35,"minecraft:white_bed":1,"minecraft:grass_block":1,"minecraft:spider_eye":1,"minecraft:rabbit_foot":3,"minecraft:stone_sword":2,"minecraft:arrow":12,"minecraft:rotten_flesh":4,"minecraft:diamond":6,"minecraft:armadillo_scute":2,"minecraft:bread":4,"minecraft:mutton":5,"minecraft:coal":104,"minecraft:oxeye_daisy":1,"minecraft:white_wool":12,"minecraft:cobblestone":191,"minecraft:ender_pearl":3},"minecraft:killed":{"minecraft:rabbit":6,"minecraft:spider":2,"minecraft:bat":1,"minecraft:sheep":3,"minecraft:skeleton":5,"minecraft:zombie":3,"minecraft:chicken":2,"minecraft:cow":1}},"DataVersion":3953}