{"stats":{"minecraft:broken":{"minecraft:iron_pickaxe":2},"minecraft:mined":{"minecraft:tuff":46,"minecraft:deepslate_diamond_ore":10,"minecraft:glow_lichen":1,"minecraft:red_sand":1,"minecraft:acacia_log":11,"minecraft:grass_block":1,"minecraft:spawner":2,"minecraft:furnace":1,"minecraft:iron_ore":1,"minecraft:deepslate_lapis_ore":6,"minecraft:deepslate_iron_ore":11,"minecraft:bamboo":5,"minecraft:stone":70,"minecraft:white_wool":3,"minecraft:deepslate_redstone_ore":4,"minecraft:orange_terracotta":9,"minecraft:crafting_table":3,"minecraft:torch":1,"minecraft:short_grass":20,"minecraft:blast_furnace":3,"minecraft:melon":4,"minecraft:cobblestone":1,"minecraft:deepslate_gold_ore":8,"minecraft:sugar_cane":3,"minecraft:wall_torch":5,"minecraft:white_terracotta":5,"minecraft:red_terracotta":2,"minecraft:yellow_bed":4,"minecraft:coal_ore":89,"minecraft:oak_log":4,"minecraft:dirt":1,"minecraft:gravel":11,"minecraft:sand":3,"minecraft:cobweb":10,"minecraft:terracotta":34,"minecraft:gold_ore":13,"minecraft:oak_leaves":2,"minecraft:deepslate":409},"minecraft:killed_by":{"minecraft:player":1,"minecraft:creeper":1},"minecraft:custom":{"minecraft:mob_kills":24,"minecraft:interact_with_crafting_table":16,"minecraft:time_since_death":35560,"minecraft:climb_one_cm":459,"minecraft:sprint_one_cm":385927,"minecraft:walk_one_cm":221689,"minecraft:damage_blocked_by_shield":40,"minecraft:drop":35,"minecraft:talked_to_villager":2,"minecraft:play_time":100082,"minecraft:deaths":2,"minecraft:sneak_time":6246,"minecraft:walk_under_water_one_cm":842,"minecraft:boat_one_cm":114973,"minecraft:jump":1817,"minecraft:interact_with_blast_furnace":2,"minecraft:walk_on_water_one_cm":6893,"minecraft:total_world_time":100082,"minecraft:interact_with_furnace":24,"minecraft:sleep_in_bed":8,"minecraft:time_since_rest":0,"minecraft:damage_taken":1603,"minecraft:damage_dealt":4488,"minecraft:swim_one_cm":3421,"minecraft:fly_one_cm":259279,"minecraft:open_chest":5,"minecraft:crouch_one_cm":16115,"minecraft:fall_one_cm":28734},"minecraft:used":{"minecraft:stone_sword":40,"minecraft:shield":1,"minecraft:white_terracotta":1,"minecraft:iron_sword":5,"minecraft:torch":144,"minecraft:tuff":13,"minecraft:furnace":2,"minecraft:egg":4,"minecraft:cooked_beef":6,"minecraft:cobbled_deepslate":44,"minecraft:water_bucket":7,"minecraft:stone_pickaxe":116,"minecraft:wooden_pickaxe":4,"minecraft:jungle_boat":2,"minecraft:sand":3,"minecraft:crafting_table":4,"minecraft:blast_furnace":1,"minecraft:black_bed":1,"minecraft:bread":15,"minecraft:iron_pickaxe":613,"minecraft:stone_axe":52,"minecraft:cobblestone":4,"minecraft:cooked_porkchop":3,"minecraft:bucket":8,"minecraft:yellow_bed":4},"minecraft:crafted":{"minecraft:oak_planks":20,"minecraft:furnace":2,"minecraft:stone_pickaxe":2,"minecraft:diamond_boots":1,"minecraft:cooked_beef":9,"minecraft:diamond_sword":1,"minecraft:cooked_porkchop":7,"minecraft:crafting_table":2,"minecraft:wooden_pickaxe":1,"minecraft:stone_axe":1,"minecraft:air":0,"minecraft:diamond_pickaxe":1,"minecraft:shield":1,"minecraft:stick":29,"minecraft:iron_ingot":4,"minecraft:iron_pickaxe":1,"minecraft:stone_sword":1,"minecraft:acacia_planks":44,"minecraft:torch":64,"minecraft:diamond_chestplate":1},"minecraft:dropped":{"minecraft:iron_sword":1,"minecraft:cooked_beef":9,"minecraft:cooked_porkchop":4,"minecraft:dark_oak_fence":1,"minecraft:brown_terracotta":3,"minecraft:white_wool":3,"minecraft:bone":1,"minecraft:rotten_flesh":2,"minecraft:white_terracotta":6,"minecraft:red_terracotta":4,"minecraft:orange_terracotta":7,"minecraft:iron_chestplate":1,"minecraft:jungle_log":36,"minecraft:oak_sapling":1,"minecraft:spider_eye":1,"minecraft:bamboo":10,"minecraft:arrow":1,"minecraft:red_sand":1,"minecraft:wooden_pickaxe":1,"minecraft:egg":1},"minecraft:picked_up":{"minecraft:crafting_table":4,"minecraft:iron_chestplate":1,"minecraft:wooden_pickaxe":1,"minecraft:shield":1,"minecraft:string":11,"minecraft:red_sand":1,"minecraft:cobbled_deepslate":407,"minecraft:bucket":1,"minecraft:beef":9,"minecraft:iron_pickaxe":1,"minecraft:melon_slice":18,"minecraft:sugar_cane":72,"minecraft:furnace":2,"minecraft:egg":5,"minecraft:stick":9,"minecraft:raw_iron":12,"minecraft:brown_terracotta":3,"minecraft:torch":75,"minecraft:acacia_log":11,"minecraft:porkchop":7,"minecraft:redstone":27,"minecraft:stone_sword":1,"minecraft:arrow":1,"minecraft:rotten_flesh":2,"minecraft:armadillo_scute":1,"minecraft:white_terracotta":7,"minecraft:white_wool":3,"minecraft:cobblestone":92,"minecraft:jungle_boat":2,"minecraft:cooked_beef":6,"minecraft:jungle_log":36,"minecraft:leather":3,"minecraft:flint":1,"minecraft:tuff":46,"minecraft:oak_log":20,"minecraft:yellow_bed":4,"minecraft:gunpowder":2,"minecraft:lapis_lazuli":40,"minecraft:orange_terracotta":7,"minecraft:bone":1,"minecraft:acacia_planks":17,"minecraft:bow":1,"minecraft:raw_gold":21,"minecraft:bamboo":140,"minecraft:iron_sword":1,"minecraft:gravel":17,"minecraft:sand":3,"minecraft:blast_furnace":3,"minecraft:red_terracotta":4,"minecraft:spider_eye":2,"minecraft:sugar":2,"minecraft:stone_axe":1,"minecraft:diamond":17,"minecraft:bread":74,"minecraft:terracotta":36,"minecraft:oak_sapling":1,"minecraft:coal":141,"minecraft:dark_oak_fence":1},"minecraft:killed":{"minecraft:armadillo":1,"minecraft:cave_spider":1,"minecraft:witch":1,"minecraft:spider":1,"minecraft:skeleton":2,"minecraft:pig":3,"minecraft:creeper":2,"minecraft:zombie":8,"minecraft:cow":4}},"DataVersion":3953}