{"stats":{"minecraft:mined":{"minecraft:tuff":13,"minecraft:deepslate_diamond_ore":2,"minecraft:orange_terracotta":9,"minecraft:crafting_table":3,"minecraft:glow_lichen":1,"minecraft:torch":1,"minecraft:red_sand":1,"minecraft:short_grass":20,"minecraft:acacia_log":11,"minecraft:blast_furnace":3,"minecraft:grass_block":1,"minecraft:melon":4,"minecraft:cobblestone":1,"minecraft:sugar_cane":3,"minecraft:wall_torch":2,"minecraft:spawner":2,"minecraft:white_terracotta":5,"minecraft:red_terracotta":2,"minecraft:furnace":1,"minecraft:iron_ore":1,"minecraft:yellow_bed":4,"minecraft:oak_log":4,"minecraft:coal_ore":89,"minecraft:deepslate_iron_ore":6,"minecraft:sand":3,"minecraft:dirt":1,"minecraft:cobweb":10,"minecraft:deepslate":50,"minecraft:terracotta":34,"minecraft:bamboo":5,"minecraft:stone":70,"minecraft:gold_ore":13,"minecraft:white_wool":3,"minecraft:oak_leaves":2},"minecraft:killed_by":{"minecraft:player":1,"minecraft:creeper":1},"minecraft:used":{"minecraft:stone_sword":40,"minecraft:stone_pickaxe":116,"minecraft:iron_sword":5,"minecraft:shield":1,"minecraft:wooden_pickaxe":4,"minecraft:white_terracotta":1,"minecraft:jungle_boat":2,"minecraft:torch":101,"minecraft:sand":3,"minecraft:crafting_table":4,"minecraft:blast_furnace":1,"minecraft:tuff":13,"minecraft:bread":9,"minecraft:iron_pickaxe":183,"minecraft:stone_axe":52,"minecraft:cobblestone":4,"minecraft:furnace":1,"minecraft:cooked_porkchop":3,"minecraft:cobbled_deepslate":44,"minecraft:yellow_bed":4,"minecraft:egg":4,"minecraft:cooked_beef":6},"minecraft:custom":{"minecraft:interact_with_furnace":16,"minecraft:mob_kills":24,"minecraft:interact_with_crafting_table":9,"minecraft:time_since_death":11560,"minecraft:sleep_in_bed":4,"minecraft:climb_one_cm":459,"minecraft:time_since_rest":11594,"minecraft:sprint_one_cm":336788,"minecraft:damage_taken":1543,"minecraft:walk_one_cm":177241,"minecraft:damage_blocked_by_shield":40,"minecraft:drop":32,"minecraft:damage_dealt":4488,"minecraft:swim_one_cm":2478,"minecraft:talked_to_villager":2,"minecraft:fly_one_cm":215288,"minecraft:open_chest":3,"minecraft:crouch_one_cm":15044,"minecraft:play_time":76082,"minecraft:deaths":2,"minecraft:sneak_time":5689,"minecraft:walk_under_water_one_cm":287,"minecraft:boat_one_cm":114973,"minecraft:jump":1455,"minecraft:interact_with_blast_furnace":2,"minecraft:walk_on_water_one_cm":2143,"minecraft:total_world_time":76082,"minecraft:fall_one_cm":26755},"minecraft:dropped":{"minecraft:cooked_beef":9,"minecraft:cooked_porkchop":4,"minecraft:rotten_flesh":2,"minecraft:white_terracotta":6,"minecraft:red_terracotta":4,"minecraft:orange_terracotta":7,"minecraft:dark_oak_fence":1,"minecraft:iron_chestplate":1,"minecraft:oak_sapling":1,"minecraft:brown_terracotta":3,"minecraft:spider_eye":1,"minecraft:bamboo":10,"minecraft:arrow":1,"minecraft:red_sand":1,"minecraft:wooden_pickaxe":1,"minecraft:white_wool":3,"minecraft:bone":1,"minecraft:egg":1},"minecraft:crafted":{"minecraft:cooked_beef":9,"minecraft:oak_planks":16,"minecraft:cooked_porkchop":7,"minecraft:crafting_table":2,"minecraft:wooden_pickaxe":1,"minecraft:furnace":1,"minecraft:stone_axe":1,"minecraft:air":0,"minecraft:shield":1,"minecraft:stick":25,"minecraft:iron_ingot":1,"minecraft:stone_pickaxe":2,"minecraft:stone_sword":1,"minecraft:acacia_planks":44,"minecraft:torch":64},"minecraft:picked_up":{"minecraft:iron_chestplate":1,"minecraft:crafting_table":4,"minecraft:jungle_boat":2,"minecraft:cooked_beef":6,"minecraft:leather":3,"minecraft:wooden_pickaxe":1,"minecraft:tuff":13,"minecraft:oak_log":4,"minecraft:shield":1,"minecraft:yellow_bed":4,"minecraft:gunpowder":2,"minecraft:string":11,"minecraft:orange_terracotta":7,"minecraft:bone":1,"minecraft:acacia_planks":17,"minecraft:bow":1,"minecraft:red_sand":1,"minecraft:cobbled_deepslate":47,"minecraft:raw_gold":13,"minecraft:beef":9,"minecraft:iron_pickaxe":1,"minecraft:bamboo":140,"minecraft:melon_slice":18,"minecraft:sugar_cane":72,"minecraft:iron_sword":1,"minecraft:egg":5,"minecraft:furnace":2,"minecraft:raw_iron":7,"minecraft:stick":9,"minecraft:brown_terracotta":3,"minecraft:torch":69,"minecraft:acacia_log":11,"minecraft:sand":3,"minecraft:porkchop":7,"minecraft:blast_furnace":3,"minecraft:redstone":8,"minecraft:red_terracotta":4,"minecraft:spider_eye":2,"minecraft:sugar":2,"minecraft:stone_sword":1,"minecraft:arrow":1,"minecraft:rotten_flesh":2,"minecraft:diamond":2,"minecraft:stone_axe":1,"minecraft:armadillo_scute":1,"minecraft:bread":74,"minecraft:white_terracotta":7,"minecraft:terracotta":36,"minecraft:oak_sapling":1,"minecraft:dark_oak_fence":1,"minecraft:coal":141,"minecraft:cobblestone":92,"minecraft:white_wool":3},"minecraft:killed":{"minecraft:armadillo":1,"minecraft:cave_spider":1,"minecraft:pig":3,"minecraft:witch":1,"minecraft:spider":1,"minecraft:creeper":2,"minecraft:skeleton":2,"minecraft:zombie":8,"minecraft:cow":4}},"DataVersion":3953}