{"stats":{"minecraft:mined":{"minecraft:orange_terracotta":1,"minecraft:crafting_table":3,"minecraft:torch":1,"minecraft:red_sand":1,"minecraft:short_grass":17,"minecraft:acacia_log":10,"minecraft:blast_furnace":3,"minecraft:grass_block":1,"minecraft:melon":4,"minecraft:cobblestone":1,"minecraft:wall_torch":2,"minecraft:spawner":2,"minecraft:white_terracotta":5,"minecraft:furnace":1,"minecraft:iron_ore":1,"minecraft:yellow_bed":3,"minecraft:coal_ore":60,"minecraft:dirt":1,"minecraft:cobweb":10,"minecraft:terracotta":4,"minecraft:bamboo":5,"minecraft:stone":66,"minecraft:gold_ore":13,"minecraft:white_wool":3},"minecraft:killed_by":{"minecraft:player":1},"minecraft:used":{"minecraft:stone_sword":28,"minecraft:stone_pickaxe":116,"minecraft:shield":1,"minecraft:wooden_pickaxe":4,"minecraft:white_terracotta":1,"minecraft:torch":73,"minecraft:crafting_table":3,"minecraft:blast_furnace":1,"minecraft:bread":2,"minecraft:iron_pickaxe":39,"minecraft:stone_axe":51,"minecraft:cobblestone":4,"minecraft:furnace":1,"minecraft:cooked_porkchop":3,"minecraft:yellow_bed":3,"minecraft:egg":2,"minecraft:cooked_beef":5},"minecraft:custom":{"minecraft:interact_with_furnace":14,"minecraft:mob_kills":20,"minecraft:interact_with_crafting_table":6,"minecraft:time_since_death":42011,"minecraft:sleep_in_bed":4,"minecraft:climb_one_cm":459,"minecraft:time_since_rest":21216,"minecraft:sprint_one_cm":242985,"minecraft:damage_taken":937,"minecraft:walk_one_cm":143654,"minecraft:damage_blocked_by_shield":40,"minecraft:drop":15,"minecraft:damage_dealt":3551,"minecraft:swim_one_cm":2478,"minecraft:talked_to_villager":2,"minecraft:fly_one_cm":146880,"minecraft:open_chest":3,"minecraft:crouch_one_cm":4518,"minecraft:play_time":52082,"minecraft:deaths":1,"minecraft:sneak_time":1628,"minecraft:walk_under_water_one_cm":287,"minecraft:jump":1068,"minecraft:interact_with_blast_furnace":2,"minecraft:walk_on_water_one_cm":979,"minecraft:total_world_time":52082,"minecraft:fall_one_cm":18505},"minecraft:dropped":{"minecraft:cooked_beef":9,"minecraft:cooked_porkchop":4,"minecraft:rotten_flesh":1,"minecraft:spider_eye":1,"minecraft:bamboo":6,"minecraft:egg":1},"minecraft:crafted":{"minecraft:cooked_beef":9,"minecraft:cooked_porkchop":7,"minecraft:crafting_table":1,"minecraft:wooden_pickaxe":1,"minecraft:furnace":1,"minecraft:stone_axe":1,"minecraft:air":0,"minecraft:shield":1,"minecraft:stick":21,"minecraft:iron_ingot":1,"minecraft:stone_pickaxe":2,"minecraft:stone_sword":1,"minecraft:acacia_planks":40,"minecraft:torch":48},"minecraft:picked_up":{"minecraft:crafting_table":4,"minecraft:cooked_beef":6,"minecraft:leather":3,"minecraft:yellow_bed":3,"minecraft:gunpowder":2,"minecraft:string":11,"minecraft:bone":1,"minecraft:acacia_planks":17,"minecraft:bow":1,"minecraft:red_sand":1,"minecraft:raw_gold":13,"minecraft:beef":9,"minecraft:bamboo":70,"minecraft:melon_slice":18,"minecraft:egg":3,"minecraft:furnace":2,"minecraft:raw_iron":1,"minecraft:stick":1,"minecraft:brown_terracotta":3,"minecraft:torch":5,"minecraft:acacia_log":10,"minecraft:porkchop":7,"minecraft:blast_furnace":3,"minecraft:red_terracotta":2,"minecraft:spider_eye":2,"minecraft:stone_sword":1,"minecraft:arrow":1,"minecraft:rotten_flesh":1,"minecraft:stone_axe":1,"minecraft:white_terracotta":7,"minecraft:terracotta":6,"minecraft:oak_sapling":1,"minecraft:dark_oak_fence":1,"minecraft:coal":112,"minecraft:cobblestone":88,"minecraft:white_wool":3},"minecraft:killed":{"minecraft:armadillo":1,"minecraft:cave_spider":1,"minecraft:pig":3,"minecraft:spider":1,"minecraft:creeper":2,"minecraft:skeleton":2,"minecraft:zombie":5,"minecraft:cow":4}},"DataVersion":3953}