{"stats":{"minecraft:broken":{"minecraft:stone_axe":1,"minecraft:iron_pickaxe":2},"minecraft:mined":{"minecraft:tuff":46,"minecraft:white_bed":1,"minecraft:deepslate_diamond_ore":10,"minecraft:cherry_log":136,"minecraft:glow_lichen":1,"minecraft:red_sand":1,"minecraft:acacia_log":11,"minecraft:grass_block":1,"minecraft:spawner":2,"minecraft:hay_block":40,"minecraft:furnace":1,"minecraft:cobbled_deepslate":1,"minecraft:iron_ore":1,"minecraft:deepslate_lapis_ore":6,"minecraft:bookshelf":4,"minecraft:dirt_path":1,"minecraft:deepslate_iron_ore":11,"minecraft:bamboo":13,"minecraft:stone":79,"minecraft:white_wool":3,"minecraft:smithing_table":1,"minecraft:deepslate_redstone_ore":4,"minecraft:orange_terracotta":9,"minecraft:crafting_table":4,"minecraft:torch":2,"minecraft:short_grass":46,"minecraft:blast_furnace":3,"minecraft:melon":4,"minecraft:tall_grass":7,"minecraft:cobblestone":1,"minecraft:grindstone":1,"minecraft:deepslate_gold_ore":8,"minecraft:sugar_cane":3,"minecraft:wall_torch":5,"minecraft:pink_petals":25,"minecraft:white_terracotta":5,"minecraft:red_terracotta":2,"minecraft:wheat":1,"minecraft:black_bed":1,"minecraft:yellow_bed":4,"minecraft:coal_ore":107,"minecraft:oak_log":4,"minecraft:cherry_leaves":18,"minecraft:dirt":1,"minecraft:gravel":11,"minecraft:sand":3,"minecraft:cobweb":10,"minecraft:terracotta":35,"minecraft:gold_ore":13,"minecraft:oak_leaves":2,"minecraft:deepslate":416},"minecraft:killed_by":{"minecraft:player":1,"minecraft:creeper":1},"minecraft:custom":{"minecraft:mob_kills":58,"minecraft:interact_with_crafting_table":21,"minecraft:time_since_death":119560,"minecraft:climb_one_cm":828,"minecraft:sprint_one_cm":749712,"minecraft:walk_one_cm":308663,"minecraft:damage_blocked_by_shield":360,"minecraft:drop":85,"minecraft:talked_to_villager":3,"minecraft:play_time":184082,"minecraft:deaths":2,"minecraft:sneak_time":8433,"minecraft:walk_under_water_one_cm":16075,"minecraft:boat_one_cm":343606,"minecraft:jump":4406,"minecraft:interact_with_blast_furnace":2,"minecraft:walk_on_water_one_cm":40183,"minecraft:total_world_time":184082,"minecraft:interact_with_furnace":24,"minecraft:sleep_in_bed":12,"minecraft:time_since_rest":3255,"minecraft:damage_taken":2471,"minecraft:damage_dealt":9203,"minecraft:swim_one_cm":152855,"minecraft:fly_one_cm":857398,"minecraft:open_chest":11,"minecraft:crouch_one_cm":20383,"minecraft:fall_one_cm":103390},"minecraft:used":{"minecraft:stone_sword":40,"minecraft:chest":2,"minecraft:shield":5,"minecraft:white_terracotta":1,"minecraft:iron_sword":5,"minecraft:torch":190,"minecraft:dirt":1,"minecraft:tuff":13,"minecraft:wooden_axe":38,"minecraft:furnace":2,"minecraft:egg":5,"minecraft:cooked_beef":6,"minecraft:cobbled_deepslate":44,"minecraft:cherry_log":1,"minecraft:water_bucket":52,"minecraft:stone_pickaxe":116,"minecraft:oak_planks":1,"minecraft:wooden_pickaxe":4,"minecraft:jungle_boat":2,"minecraft:sand":3,"minecraft:crafting_table":8,"minecraft:blast_furnace":1,"minecraft:white_bed":2,"minecraft:black_bed":2,"minecraft:diamond_pickaxe":38,"minecraft:bread":46,"minecraft:iron_pickaxe":613,"minecraft:stone_axe":180,"minecraft:diamond_sword":76,"minecraft:cobblestone":4,"minecraft:cooked_porkchop":3,"minecraft:bucket":53,"minecraft:yellow_bed":4,"minecraft:oak_boat":5},"minecraft:crafted":{"minecraft:oak_planks":80,"minecraft:furnace":2,"minecraft:stone_pickaxe":2,"minecraft:chest":2,"minecraft:diamond_boots":1,"minecraft:cooked_beef":9,"minecraft:diamond_sword":1,"minecraft:cooked_porkchop":7,"minecraft:crafting_table":6,"minecraft:wooden_pickaxe":1,"minecraft:stone_axe":2,"minecraft:air":0,"minecraft:oak_boat":1,"minecraft:diamond_pickaxe":1,"minecraft:shield":1,"minecraft:stick":41,"minecraft:iron_ingot":4,"minecraft:iron_pickaxe":1,"minecraft:wooden_axe":1,"minecraft:stone_sword":1,"minecraft:white_bed":1,"minecraft:acacia_planks":44,"minecraft:torch":104,"minecraft:diamond_chestplate":1},"minecraft:dropped":{"minecraft:bread":64,"minecraft:iron_sword":1,"minecraft:wheat_seeds":15,"minecraft:cooked_beef":9,"minecraft:cooked_porkchop":4,"minecraft:stick":3,"minecraft:dark_oak_fence":1,"minecraft:mutton":1,"minecraft:brown_terracotta":3,"minecraft:string":1,"minecraft:pink_petals":99,"minecraft:white_wool":4,"minecraft:bone":1,"minecraft:cobbled_deepslate":2,"minecraft:cherry_sapling":3,"minecraft:rotten_flesh":13,"minecraft:white_terracotta":6,"minecraft:red_terracotta":4,"minecraft:orange_terracotta":7,"minecraft:iron_chestplate":1,"minecraft:jungle_log":36,"minecraft:oak_sapling":1,"minecraft:spider_eye":2,"minecraft:bamboo":13,"minecraft:arrow":3,"minecraft:red_sand":1,"minecraft:wooden_pickaxe":2,"minecraft:egg":1,"minecraft:terracotta":2},"minecraft:picked_up":{"minecraft:crafting_table":4,"minecraft:iron_chestplate":1,"minecraft:smithing_table":1,"minecraft:wooden_pickaxe":2,"minecraft:shield":1,"minecraft:string":12,"minecraft:red_sand":1,"minecraft:cobbled_deepslate":412,"minecraft:bucket":1,"minecraft:beef":36,"minecraft:oak_boat":4,"minecraft:iron_pickaxe":1,"minecraft:melon_slice":18,"minecraft:sugar_cane":136,"minecraft:furnace":2,"minecraft:egg":6,"minecraft:stick":44,"minecraft:raw_iron":12,"minecraft:brown_terracotta":3,"minecraft:torch":76,"minecraft:acacia_log":11,"minecraft:porkchop":7,"minecraft:cherry_log":129,"minecraft:trident":1,"minecraft:redstone":27,"minecraft:stone_sword":1,"minecraft:arrow":5,"minecraft:rotten_flesh":14,"minecraft:hay_block":39,"minecraft:armadillo_scute":1,"minecraft:white_terracotta":7,"minecraft:mutton":5,"minecraft:white_wool":7,"minecraft:cobblestone":100,"minecraft:pink_petals":163,"minecraft:jungle_boat":2,"minecraft:cooked_beef":6,"minecraft:jungle_log":36,"minecraft:black_bed":1,"minecraft:leather":20,"minecraft:flint":1,"minecraft:tuff":46,"minecraft:oak_log":20,"minecraft:yellow_bed":4,"minecraft:gunpowder":2,"minecraft:lapis_lazuli":40,"minecraft:dirt":1,"minecraft:orange_terracotta":7,"minecraft:bone":3,"minecraft:acacia_planks":17,"minecraft:bow":1,"minecraft:wheat_seeds":16,"minecraft:raw_gold":21,"minecraft:grindstone":1,"minecraft:bamboo":207,"minecraft:iron_sword":1,"minecraft:book":12,"minecraft:gravel":17,"minecraft:sand":3,"minecraft:blast_furnace":3,"minecraft:white_bed":1,"minecraft:red_terracotta":4,"minecraft:spider_eye":3,"minecraft:sugar":2,"minecraft:stone_axe":1,"minecraft:diamond":17,"minecraft:cherry_sapling":57,"minecraft:bread":121,"minecraft:terracotta":38,"minecraft:oak_sapling":1,"minecraft:coal":157,"minecraft:dark_oak_fence":1},"minecraft:killed":{"minecraft:armadillo":1,"minecraft:cave_spider":1,"minecraft:witch":1,"minecraft:spider":2,"minecraft:skeleton":7,"minecraft:drowned":1,"minecraft:pig":3,"minecraft:creeper":4,"minecraft:sheep":4,"minecraft:zombie":17,"minecraft:cow":16}},"DataVersion":3953}