{"stats":{"minecraft:mined":{"minecraft:yellow_bed":1,"minecraft:crafting_table":1,"minecraft:blast_furnace":2,"minecraft:short_grass":16,"minecraft:grass_block":1,"minecraft:acacia_log":10,"minecraft:dirt":1,"minecraft:stone":27,"minecraft:white_wool":3},"minecraft:killed_by":{"minecraft:player":1},"minecraft:used":{"minecraft:stone_sword":5,"minecraft:stone_pickaxe":25,"minecraft:wooden_pickaxe":4,"minecraft:stone_axe":11,"minecraft:crafting_table":1,"minecraft:egg":1},"minecraft:custom":{"minecraft:time_since_rest":6040,"minecraft:sprint_one_cm":38438,"minecraft:damage_taken":424,"minecraft:walk_one_cm":51215,"minecraft:mob_kills":1,"minecraft:drop":1,"minecraft:damage_dealt":485,"minecraft:talked_to_villager":2,"minecraft:interact_with_crafting_table":5,"minecraft:fly_one_cm":51210,"minecraft:open_chest":2,"minecraft:crouch_one_cm":1999,"minecraft:play_time":16082,"minecraft:deaths":1,"minecraft:sneak_time":561,"minecraft:jump":337,"minecraft:walk_on_water_one_cm":918,"minecraft:time_since_death":6011,"minecraft:total_world_time":16082,"minecraft:fall_one_cm":4509},"minecraft:dropped":{"minecraft:spider_eye":1},"minecraft:crafted":{"minecraft:crafting_table":1,"minecraft:stick":12,"minecraft:wooden_pickaxe":1,"minecraft:stone_pickaxe":2,"minecraft:stone_sword":1,"minecraft:furnace":1,"minecraft:acacia_planks":40,"minecraft:stone_axe":1},"minecraft:picked_up":{"minecraft:stick":1,"minecraft:crafting_table":2,"minecraft:acacia_log":10,"minecraft:blast_furnace":2,"minecraft:yellow_bed":1,"minecraft:spider_eye":2,"minecraft:string":1,"minecraft:stone_sword":1,"minecraft:acacia_planks":1,"minecraft:stone_axe":1,"minecraft:furnace":1,"minecraft:white_wool":3,"minecraft:cobblestone":38,"minecraft:egg":1},"minecraft:killed":{"minecraft:spider":1}},"DataVersion":3953}