{"stats":{"minecraft:mined":{"minecraft:furnace":1,"minecraft:coal_ore":51,"minecraft:yellow_bed":3,"minecraft:crafting_table":1,"minecraft:blast_furnace":2,"minecraft:short_grass":17,"minecraft:grass_block":1,"minecraft:acacia_log":10,"minecraft:melon":4,"minecraft:dirt":1,"minecraft:bamboo":5,"minecraft:stone":62,"minecraft:white_wool":3,"minecraft:wall_torch":2},"minecraft:killed_by":{"minecraft:player":1},"minecraft:used":{"minecraft:stone_sword":6,"minecraft:stone_pickaxe":114,"minecraft:wooden_pickaxe":4,"minecraft:torch":21,"minecraft:stone_axe":38,"minecraft:crafting_table":1,"minecraft:cooked_porkchop":3,"minecraft:furnace":1,"minecraft:yellow_bed":2,"minecraft:egg":2,"minecraft:cooked_beef":2},"minecraft:custom":{"minecraft:time_since_rest":9216,"minecraft:interact_with_furnace":14,"minecraft:sprint_one_cm":134507,"minecraft:damage_taken":603,"minecraft:walk_one_cm":109531,"minecraft:mob_kills":12,"minecraft:drop":11,"minecraft:damage_dealt":2000,"minecraft:talked_to_villager":2,"minecraft:interact_with_crafting_table":5,"minecraft:fly_one_cm":129814,"minecraft:open_chest":3,"minecraft:crouch_one_cm":3575,"minecraft:play_time":40082,"minecraft:deaths":1,"minecraft:sneak_time":1048,"minecraft:jump":936,"minecraft:sleep_in_bed":4,"minecraft:walk_on_water_one_cm":918,"minecraft:time_since_death":30011,"minecraft:climb_one_cm":459,"minecraft:total_world_time":40082,"minecraft:fall_one_cm":15633},"minecraft:dropped":{"minecraft:rotten_flesh":1,"minecraft:cooked_porkchop":4,"minecraft:bamboo":6,"minecraft:spider_eye":1,"minecraft:egg":1},"minecraft:crafted":{"minecraft:cooked_beef":9,"minecraft:cooked_porkchop":7,"minecraft:crafting_table":1,"minecraft:stick":17,"minecraft:wooden_pickaxe":1,"minecraft:stone_pickaxe":2,"minecraft:stone_sword":1,"minecraft:furnace":1,"minecraft:acacia_planks":40,"minecraft:torch":32,"minecraft:stone_axe":1,"minecraft:air":0},"minecraft:picked_up":{"minecraft:stick":1,"minecraft:crafting_table":2,"minecraft:leather":3,"minecraft:torch":3,"minecraft:acacia_log":10,"minecraft:porkchop":7,"minecraft:blast_furnace":2,"minecraft:gunpowder":1,"minecraft:yellow_bed":3,"minecraft:spider_eye":2,"minecraft:string":1,"minecraft:stone_sword":1,"minecraft:rotten_flesh":1,"minecraft:acacia_planks":17,"minecraft:stone_axe":1,"minecraft:beef":9,"minecraft:oak_sapling":1,"minecraft:bamboo":70,"minecraft:melon_slice":18,"minecraft:coal":51,"minecraft:furnace":2,"minecraft:white_wool":3,"minecraft:cobblestone":83,"minecraft:egg":3},"minecraft:killed":{"minecraft:armadillo":1,"minecraft:zombie":2,"minecraft:pig":3,"minecraft:spider":1,"minecraft:creeper":1,"minecraft:cow":4}},"DataVersion":3953}