{"stats":{"minecraft:mined":{"minecraft:orange_terracotta":9,"minecraft:crafting_table":3,"minecraft:torch":1,"minecraft:red_sand":1,"minecraft:short_grass":17,"minecraft:acacia_log":10,"minecraft:blast_furnace":3,"minecraft:grass_block":1,"minecraft:melon":4,"minecraft:cobblestone":1,"minecraft:sugar_cane":3,"minecraft:wall_torch":2,"minecraft:spawner":2,"minecraft:white_terracotta":5,"minecraft:red_terracotta":2,"minecraft:furnace":1,"minecraft:iron_ore":1,"minecraft:yellow_bed":4,"minecraft:coal_ore":89,"minecraft:sand":3,"minecraft:dirt":1,"minecraft:cobweb":10,"minecraft:terracotta":34,"minecraft:bamboo":5,"minecraft:stone":70,"minecraft:gold_ore":13,"minecraft:white_wool":3},"minecraft:killed_by":{"minecraft:player":1},"minecraft:used":{"minecraft:stone_sword":40,"minecraft:stone_pickaxe":116,"minecraft:shield":1,"minecraft:wooden_pickaxe":4,"minecraft:white_terracotta":1,"minecraft:jungle_boat":1,"minecraft:torch":88,"minecraft:sand":3,"minecraft:crafting_table":3,"minecraft:blast_furnace":1,"minecraft:bread":6,"minecraft:iron_pickaxe":112,"minecraft:stone_axe":52,"minecraft:cobblestone":4,"minecraft:furnace":1,"minecraft:cooked_porkchop":3,"minecraft:yellow_bed":3,"minecraft:egg":2,"minecraft:cooked_beef":6},"minecraft:custom":{"minecraft:interact_with_furnace":14,"minecraft:mob_kills":23,"minecraft:interact_with_crafting_table":6,"minecraft:time_since_death":54011,"minecraft:sleep_in_bed":4,"minecraft:climb_one_cm":459,"minecraft:time_since_rest":33216,"minecraft:sprint_one_cm":307200,"minecraft:damage_taken":1077,"minecraft:walk_one_cm":160110,"minecraft:damage_blocked_by_shield":40,"minecraft:drop":31,"minecraft:damage_dealt":4149,"minecraft:swim_one_cm":2478,"minecraft:talked_to_villager":2,"minecraft:fly_one_cm":185320,"minecraft:open_chest":3,"minecraft:crouch_one_cm":5700,"minecraft:play_time":64082,"minecraft:deaths":1,"minecraft:sneak_time":2243,"minecraft:walk_under_water_one_cm":287,"minecraft:boat_one_cm":111696,"minecraft:jump":1291,"minecraft:interact_with_blast_furnace":2,"minecraft:walk_on_water_one_cm":979,"minecraft:total_world_time":64082,"minecraft:fall_one_cm":23806},"minecraft:dropped":{"minecraft:cooked_beef":9,"minecraft:cooked_porkchop":4,"minecraft:rotten_flesh":2,"minecraft:white_terracotta":6,"minecraft:red_terracotta":4,"minecraft:orange_terracotta":7,"minecraft:dark_oak_fence":1,"minecraft:oak_sapling":1,"minecraft:brown_terracotta":3,"minecraft:spider_eye":1,"minecraft:bamboo":10,"minecraft:arrow":1,"minecraft:red_sand":1,"minecraft:wooden_pickaxe":1,"minecraft:white_wool":3,"minecraft:bone":1,"minecraft:egg":1},"minecraft:crafted":{"minecraft:cooked_beef":9,"minecraft:cooked_porkchop":7,"minecraft:crafting_table":1,"minecraft:wooden_pickaxe":1,"minecraft:furnace":1,"minecraft:stone_axe":1,"minecraft:air":0,"minecraft:shield":1,"minecraft:stick":25,"minecraft:iron_ingot":1,"minecraft:stone_pickaxe":2,"minecraft:stone_sword":1,"minecraft:acacia_planks":40,"minecraft:torch":64},"minecraft:picked_up":{"minecraft:crafting_table":4,"minecraft:jungle_boat":2,"minecraft:cooked_beef":6,"minecraft:leather":3,"minecraft:wooden_pickaxe":1,"minecraft:yellow_bed":4,"minecraft:gunpowder":2,"minecraft:string":11,"minecraft:orange_terracotta":7,"minecraft:bone":1,"minecraft:acacia_planks":17,"minecraft:bow":1,"minecraft:red_sand":1,"minecraft:raw_gold":13,"minecraft:beef":9,"minecraft:bamboo":76,"minecraft:melon_slice":18,"minecraft:sugar_cane":8,"minecraft:egg":3,"minecraft:furnace":2,"minecraft:raw_iron":1,"minecraft:stick":7,"minecraft:brown_terracotta":3,"minecraft:torch":5,"minecraft:acacia_log":10,"minecraft:sand":3,"minecraft:porkchop":7,"minecraft:blast_furnace":3,"minecraft:red_terracotta":4,"minecraft:spider_eye":2,"minecraft:stone_sword":1,"minecraft:arrow":1,"minecraft:rotten_flesh":2,"minecraft:stone_axe":1,"minecraft:bread":9,"minecraft:white_terracotta":7,"minecraft:terracotta":36,"minecraft:oak_sapling":1,"minecraft:dark_oak_fence":1,"minecraft:coal":141,"minecraft:cobblestone":92,"minecraft:white_wool":3},"minecraft:killed":{"minecraft:armadillo":1,"minecraft:cave_spider":1,"minecraft:pig":3,"minecraft:spider":1,"minecraft:creeper":2,"minecraft:skeleton":2,"minecraft:zombie":8,"minecraft:cow":4}},"DataVersion":3953}