{"stats":{"minecraft:mined":{"minecraft:short_grass":3,"minecraft:red_sand":2,"minecraft:grass_block":1,"minecraft:melon":2,"minecraft:cactus":2,"minecraft:dead_bush":1,"minecraft:sugar_cane":1},"minecraft:used":{"minecraft:red_sand":2,"minecraft:melon_slice":8,"minecraft:iron_pickaxe":1,"minecraft:cactus":1,"minecraft:egg":1},"minecraft:custom":{"minecraft:time_since_rest":11391,"minecraft:crouch_one_cm":574,"minecraft:play_time":11391,"minecraft:sprint_one_cm":35111,"minecraft:damage_taken":120,"minecraft:walk_one_cm":55335,"minecraft:sneak_time":350,"minecraft:walk_under_water_one_cm":2825,"minecraft:jump":119,"minecraft:time_since_death":11391,"minecraft:walk_on_water_one_cm":239,"minecraft:total_world_time":11391,"minecraft:fall_one_cm":3568,"minecraft:fly_one_cm":11045},"minecraft:picked_up":{"minecraft:cactus":1,"minecraft:red_sand":2,"minecraft:iron_pickaxe":1,"minecraft:melon_slice":9,"minecraft:sugar_cane":2,"minecraft:dirt":1,"minecraft:egg":1}},"DataVersion":3953}