{"stats":{"minecraft:broken":{"minecraft:iron_pickaxe":3},"minecraft:mined":{"minecraft:jungle_leaves":4,"minecraft:clay":2,"minecraft:crafting_table":1,"minecraft:torch":5,"minecraft:granite":31,"minecraft:short_grass":31,"minecraft:red_sand":2,"minecraft:grass_block":1,"minecraft:melon":2,"minecraft:jungle_log":128,"minecraft:dead_bush":1,"minecraft:copper_ore":20,"minecraft:sugar_cane":1,"minecraft:diorite":156,"minecraft:wall_torch":4,"minecraft:cactus":2,"minecraft:iron_ore":20,"minecraft:cobbled_deepslate":1,"minecraft:oak_log":5,"minecraft:coal_ore":73,"minecraft:vine":9,"minecraft:dirt":14,"minecraft:stone":517,"minecraft:fern":3},"minecraft:used":{"minecraft:red_sand":2,"minecraft:cactus":1,"minecraft:chest":2,"minecraft:cooked_chicken":1,"minecraft:torch":32,"minecraft:dirt":7,"minecraft:crafting_table":2,"minecraft:iron_axe":145,"minecraft:melon_slice":37,"minecraft:iron_pickaxe":836,"minecraft:cobblestone":13,"minecraft:furnace":1,"minecraft:egg":1,"minecraft:cobbled_deepslate":89},"minecraft:custom":{"minecraft:interact_with_furnace":12,"minecraft:mob_kills":1,"minecraft:interact_with_crafting_table":10,"minecraft:leave_game":2,"minecraft:time_since_death":81863,"minecraft:climb_one_cm":4642,"minecraft:time_since_rest":81863,"minecraft:sprint_one_cm":131600,"minecraft:damage_taken":542,"minecraft:walk_one_cm":216908,"minecraft:drop":1,"minecraft:damage_dealt":160,"minecraft:fly_one_cm":85920,"minecraft:open_chest":12,"minecraft:crouch_one_cm":1082,"minecraft:play_time":81863,"minecraft:sneak_time":537,"minecraft:walk_under_water_one_cm":4701,"minecraft:jump":763,"minecraft:walk_on_water_one_cm":1802,"minecraft:total_world_time":81863,"minecraft:fall_one_cm":13075},"minecraft:dropped":{"minecraft:jungle_sapling":1},"minecraft:crafted":{"minecraft:oak_planks":20,"minecraft:crafting_table":1,"minecraft:furnace":1,"minecraft:jungle_planks":504,"minecraft:diamond_pickaxe":2,"minecraft:iron_axe":2,"minecraft:stick":16,"minecraft:iron_ingot":14,"minecraft:iron_pickaxe":3,"minecraft:chest":2,"minecraft:torch":32},"minecraft:picked_up":{"minecraft:crafting_table":2,"minecraft:clay_ball":8,"minecraft:jungle_log":126,"minecraft:oak_log":5,"minecraft:string":1,"minecraft:dirt":23,"minecraft:raw_copper":72,"minecraft:wheat_seeds":6,"minecraft:red_sand":2,"minecraft:cobbled_deepslate":4,"minecraft:iron_ingot":7,"minecraft:jungle_sapling":1,"minecraft:iron_pickaxe":1,"minecraft:sugar_cane":2,"minecraft:melon_slice":9,"minecraft:egg":1,"minecraft:stick":6,"minecraft:raw_iron":20,"minecraft:torch":46,"minecraft:diorite":155,"minecraft:cactus":1,"minecraft:diamond":12,"minecraft:granite":31,"minecraft:coal":72,"minecraft:cobblestone":515},"minecraft:killed":{"minecraft:spider":1}},"DataVersion":3953}