{"stats":{"minecraft:mined":{"minecraft:hay_block":27,"minecraft:furnace":1,"minecraft:iron_ore":4,"minecraft:crafting_table":1,"minecraft:short_grass":1,"minecraft:oak_log":4,"minecraft:grass_block":2,"minecraft:coal_ore":8,"minecraft:dirt":3,"minecraft:stone":18,"minecraft:oak_leaves":4},"minecraft:used":{"minecraft:apple":6,"minecraft:bread":2,"minecraft:stone_pickaxe":30,"minecraft:iron_pickaxe":8,"minecraft:wooden_pickaxe":3,"minecraft:torch":4,"minecraft:wooden_sword":27,"minecraft:dirt":5,"minecraft:crafting_table":2,"minecraft:furnace":1},"minecraft:custom":{"minecraft:time_since_rest":7929,"minecraft:interact_with_furnace":5,"minecraft:sprint_one_cm":91955,"minecraft:damage_taken":300,"minecraft:walk_one_cm":35544,"minecraft:mob_kills":4,"minecraft:damage_dealt":759,"minecraft:talked_to_villager":1,"minecraft:swim_one_cm":27780,"minecraft:interact_with_crafting_table":5,"minecraft:fly_one_cm":143074,"minecraft:open_chest":10,"minecraft:play_time":23448,"minecraft:bell_ring":1,"minecraft:sneak_time":171,"minecraft:walk_under_water_one_cm":4926,"minecraft:jump":551,"minecraft:walk_on_water_one_cm":4060,"minecraft:time_since_death":23448,"minecraft:sleep_in_bed":1,"minecraft:climb_one_cm":96,"minecraft:total_world_time":23448,"minecraft:fall_one_cm":18528},"minecraft:crafted":{"minecraft:wooden_sword":1,"minecraft:oak_planks":16,"minecraft:crafting_table":1,"minecraft:stick":8,"minecraft:iron_ingot":4,"minecraft:wooden_pickaxe":1,"minecraft:iron_pickaxe":1,"minecraft:stone_pickaxe":1,"minecraft:furnace":1,"minecraft:torch":4,"minecraft:air":0},"minecraft:picked_up":{"minecraft:crafting_table":1,"minecraft:raw_iron":4,"minecraft:potato":1,"minecraft:oak_log":4,"minecraft:spider_eye":1,"minecraft:string":2,"minecraft:dirt":5,"minecraft:arrow":1,"minecraft:bone":2,"minecraft:hay_block":27,"minecraft:coal":8,"minecraft:furnace":1,"minecraft:cobblestone":17,"minecraft:egg":3},"minecraft:killed":{"minecraft:skeleton":1,"minecraft:zombie":1,"minecraft:spider":2}},"DataVersion":3953}