{"stats":{"minecraft:broken":{"minecraft:wooden_sword":1},"minecraft:mined":{"minecraft:deepslate_diamond_ore":32,"minecraft:crafting_table":3,"minecraft:acacia_log":1,"minecraft:short_grass":3,"minecraft:grass_block":3,"minecraft:cobblestone":4,"minecraft:lapis_ore":1,"minecraft:wall_torch":1,"minecraft:hay_block":27,"minecraft:furnace":1,"minecraft:iron_ore":36,"minecraft:oak_log":10,"minecraft:coal_ore":27,"minecraft:gravel":1,"minecraft:dirt":5,"minecraft:stone":66,"minecraft:oak_leaves":6,"minecraft:deepslate":10},"minecraft:killed_by":{"minecraft:creeper":1},"minecraft:used":{"minecraft:iron_shovel":1,"minecraft:stone_pickaxe":30,"minecraft:oak_planks":1,"minecraft:wooden_pickaxe":3,"minecraft:shield":48,"minecraft:iron_sword":45,"minecraft:iron_chestplate":1,"minecraft:torch":59,"minecraft:dirt":15,"minecraft:crafting_table":7,"minecraft:apple":6,"minecraft:bread":28,"minecraft:iron_axe":5,"minecraft:iron_pickaxe":155,"minecraft:gravel":4,"minecraft:diamond_sword":26,"minecraft:wooden_sword":48,"minecraft:bow":2,"minecraft:cobblestone":80,"minecraft:furnace":2,"minecraft:andesite":4,"minecraft:cobbled_deepslate":10},"minecraft:custom":{"minecraft:interact_with_furnace":26,"minecraft:mob_kills":33,"minecraft:interact_with_crafting_table":28,"minecraft:bell_ring":1,"minecraft:leave_game":1,"minecraft:time_since_death":47271,"minecraft:sleep_in_bed":5,"minecraft:climb_one_cm":335,"minecraft:time_since_rest":9216,"minecraft:sprint_one_cm":316509,"minecraft:damage_taken":1384,"minecraft:walk_one_cm":155552,"minecraft:damage_blocked_by_shield":2019,"minecraft:drop":23,"minecraft:damage_dealt":5640,"minecraft:swim_one_cm":38840,"minecraft:talked_to_villager":3,"minecraft:fly_one_cm":502702,"minecraft:open_chest":10,"minecraft:crouch_one_cm":3422,"minecraft:play_time":77315,"minecraft:deaths":1,"minecraft:sneak_time":1139,"minecraft:walk_under_water_one_cm":9246,"minecraft:jump":2220,"minecraft:walk_on_water_one_cm":9466,"minecraft:total_world_time":77315,"minecraft:fall_one_cm":69623},"minecraft:crafted":{"minecraft:wooden_sword":1,"minecraft:oak_planks":40,"minecraft:diamond_sword":1,"minecraft:diamond_axe":1,"minecraft:crafting_table":4,"minecraft:wooden_pickaxe":1,"minecraft:iron_sword":1,"minecraft:furnace":1,"minecraft:bread":81,"minecraft:air":0,"minecraft:diamond_helmet":1,"minecraft:iron_boots":1,"minecraft:diamond_leggings":1,"minecraft:iron_chestplate":1,"minecraft:diamond_pickaxe":1,"minecraft:shield":1,"minecraft:iron_axe":1,"minecraft:iron_hoe":1,"minecraft:stick":32,"minecraft:iron_ingot":33,"minecraft:iron_pickaxe":1,"minecraft:stone_pickaxe":1,"minecraft:iron_shovel":1,"minecraft:diamond_boots":1,"minecraft:iron_leggings":1,"minecraft:acacia_planks":4,"minecraft:torch":52,"minecraft:diamond_chestplate":1,"minecraft:wheat":243},"minecraft:dropped":{"minecraft:iron_ingot":2,"minecraft:bread":37,"minecraft:iron_sword":1,"minecraft:porkchop":2,"minecraft:golden_helmet":1,"minecraft:raw_iron":4,"minecraft:iron_boots":1,"minecraft:iron_chestplate":1,"minecraft:iron_leggings":1,"minecraft:iron_axe":1,"minecraft:wooden_pickaxe":3,"minecraft:stone_pickaxe":3,"minecraft:iron_pickaxe":1},"minecraft:picked_up":{"minecraft:crafting_table":3,"minecraft:andesite":4,"minecraft:wooden_pickaxe":3,"minecraft:potato":18,"minecraft:flint":6,"minecraft:oak_log":10,"minecraft:shield":1,"minecraft:gunpowder":2,"minecraft:lapis_lazuli":41,"minecraft:dirt":29,"minecraft:string":11,"minecraft:paper":10,"minecraft:raw_copper":2,"minecraft:wooden_sword":1,"minecraft:flint_and_steel":1,"minecraft:bone":14,"minecraft:bow":1,"minecraft:cobbled_deepslate":13,"minecraft:stone_pickaxe":3,"minecraft:iron_pickaxe":1,"minecraft:oak_planks":9,"minecraft:furnace":2,"minecraft:egg":7,"minecraft:golden_helmet":1,"minecraft:stick":4,"minecraft:raw_iron":56,"minecraft:acacia_log":1,"minecraft:torch":7,"minecraft:gravel":6,"minecraft:fire_charge":1,"minecraft:porkchop":2,"minecraft:spider_eye":2,"minecraft:arrow":12,"minecraft:rotten_flesh":15,"minecraft:diamond":32,"minecraft:hay_block":27,"minecraft:bread":77,"minecraft:golden_horse_armor":1,"minecraft:emerald":3,"minecraft:obsidian":2,"minecraft:coal":29,"minecraft:cobblestone":142},"minecraft:killed":{"minecraft:zombie_villager":1,"minecraft:spider":7,"minecraft:skeleton":10,"minecraft:zombie":13}},"DataVersion":3953}