{"stats":{"minecraft:broken":{"minecraft:wooden_sword":1},"minecraft:mined":{"minecraft:deepslate_diamond_ore":27,"minecraft:crafting_table":2,"minecraft:short_grass":2,"minecraft:grass_block":3,"minecraft:cobblestone":2,"minecraft:lapis_ore":1,"minecraft:wall_torch":1,"minecraft:hay_block":27,"minecraft:furnace":1,"minecraft:iron_ore":36,"minecraft:coal_ore":27,"minecraft:oak_log":9,"minecraft:gravel":1,"minecraft:dirt":4,"minecraft:stone":66,"minecraft:oak_leaves":6,"minecraft:deepslate":8},"minecraft:killed_by":{"minecraft:creeper":1},"minecraft:used":{"minecraft:stone_pickaxe":30,"minecraft:oak_planks":1,"minecraft:wooden_pickaxe":3,"minecraft:shield":30,"minecraft:iron_sword":12,"minecraft:iron_chestplate":1,"minecraft:torch":44,"minecraft:dirt":7,"minecraft:crafting_table":4,"minecraft:apple":6,"minecraft:iron_axe":1,"minecraft:bread":16,"minecraft:iron_pickaxe":146,"minecraft:gravel":4,"minecraft:wooden_sword":48,"minecraft:cobblestone":59,"minecraft:bow":2,"minecraft:furnace":2,"minecraft:andesite":2},"minecraft:custom":{"minecraft:interact_with_furnace":26,"minecraft:mob_kills":13,"minecraft:interact_with_crafting_table":22,"minecraft:bell_ring":1,"minecraft:time_since_death":23404,"minecraft:sleep_in_bed":1,"minecraft:climb_one_cm":96,"minecraft:time_since_rest":23429,"minecraft:sprint_one_cm":209675,"minecraft:damage_taken":1022,"minecraft:walk_one_cm":103110,"minecraft:damage_blocked_by_shield":1338,"minecraft:drop":5,"minecraft:damage_dealt":2358,"minecraft:swim_one_cm":29124,"minecraft:talked_to_villager":1,"minecraft:fly_one_cm":284168,"minecraft:open_chest":10,"minecraft:crouch_one_cm":2475,"minecraft:play_time":53448,"minecraft:deaths":1,"minecraft:sneak_time":910,"minecraft:walk_under_water_one_cm":6626,"minecraft:jump":1283,"minecraft:walk_on_water_one_cm":5036,"minecraft:total_world_time":53448,"minecraft:fall_one_cm":39475},"minecraft:dropped":{"minecraft:stone_pickaxe":2,"minecraft:wooden_pickaxe":3},"minecraft:crafted":{"minecraft:wooden_sword":1,"minecraft:oak_planks":36,"minecraft:crafting_table":3,"minecraft:wooden_pickaxe":1,"minecraft:iron_sword":1,"minecraft:furnace":1,"minecraft:bread":81,"minecraft:air":0,"minecraft:iron_chestplate":1,"minecraft:iron_boots":1,"minecraft:shield":1,"minecraft:iron_axe":1,"minecraft:iron_hoe":1,"minecraft:stick":24,"minecraft:iron_ingot":33,"minecraft:iron_pickaxe":1,"minecraft:stone_pickaxe":1,"minecraft:iron_shovel":1,"minecraft:iron_leggings":1,"minecraft:torch":40,"minecraft:wheat":243},"minecraft:picked_up":{"minecraft:crafting_table":2,"minecraft:andesite":2,"minecraft:wooden_pickaxe":3,"minecraft:potato":18,"minecraft:flint":6,"minecraft:oak_log":9,"minecraft:shield":1,"minecraft:lapis_lazuli":6,"minecraft:dirt":7,"minecraft:string":9,"minecraft:paper":10,"minecraft:raw_copper":2,"minecraft:wooden_sword":1,"minecraft:flint_and_steel":1,"minecraft:bone":10,"minecraft:bow":1,"minecraft:cobbled_deepslate":8,"minecraft:stone_pickaxe":2,"minecraft:iron_pickaxe":1,"minecraft:oak_planks":9,"minecraft:egg":6,"minecraft:furnace":2,"minecraft:golden_helmet":1,"minecraft:stick":4,"minecraft:raw_iron":52,"minecraft:torch":4,"minecraft:fire_charge":1,"minecraft:gravel":6,"minecraft:spider_eye":2,"minecraft:arrow":8,"minecraft:rotten_flesh":2,"minecraft:diamond":26,"minecraft:hay_block":27,"minecraft:emerald":3,"minecraft:golden_horse_armor":1,"minecraft:bread":77,"minecraft:obsidian":2,"minecraft:coal":29,"minecraft:cobblestone":87},"minecraft:killed":{"minecraft:spider":3,"minecraft:skeleton":7,"minecraft:zombie":3}},"DataVersion":3953}