{"stats":{"minecraft:broken":{"minecraft:wooden_sword":1},"minecraft:mined":{"minecraft:deepslate_diamond_ore":36,"minecraft:crafting_table":3,"minecraft:acacia_log":1,"minecraft:short_grass":3,"minecraft:grass_block":3,"minecraft:cobblestone":4,"minecraft:lapis_ore":1,"minecraft:wall_torch":1,"minecraft:hay_block":27,"minecraft:furnace":1,"minecraft:iron_ore":36,"minecraft:oak_log":10,"minecraft:coal_ore":27,"minecraft:gravel":1,"minecraft:dirt":5,"minecraft:stone":69,"minecraft:oak_leaves":6,"minecraft:deepslate":10},"minecraft:killed_by":{"minecraft:creeper":1},"minecraft:used":{"minecraft:iron_shovel":1,"minecraft:stone_pickaxe":30,"minecraft:oak_planks":1,"minecraft:wooden_pickaxe":3,"minecraft:shield":51,"minecraft:iron_sword":45,"minecraft:iron_chestplate":1,"minecraft:torch":60,"minecraft:dirt":28,"minecraft:crafting_table":7,"minecraft:diamond_pickaxe":7,"minecraft:apple":6,"minecraft:bread":34,"minecraft:iron_axe":5,"minecraft:iron_pickaxe":155,"minecraft:gravel":4,"minecraft:diamond_sword":46,"minecraft:wooden_sword":48,"minecraft:bow":9,"minecraft:cobblestone":80,"minecraft:furnace":2,"minecraft:andesite":4,"minecraft:cobbled_deepslate":10},"minecraft:custom":{"minecraft:interact_with_furnace":26,"minecraft:mob_kills":40,"minecraft:interact_with_crafting_table":28,"minecraft:bell_ring":1,"minecraft:leave_game":1,"minecraft:time_since_death":59271,"minecraft:sleep_in_bed":5,"minecraft:climb_one_cm":335,"minecraft:time_since_rest":21216,"minecraft:sprint_one_cm":383048,"minecraft:damage_taken":1579,"minecraft:walk_one_cm":183398,"minecraft:damage_blocked_by_shield":2087,"minecraft:drop":33,"minecraft:damage_dealt":6774,"minecraft:swim_one_cm":41919,"minecraft:talked_to_villager":3,"minecraft:fly_one_cm":596656,"minecraft:open_chest":10,"minecraft:crouch_one_cm":5247,"minecraft:play_time":89315,"minecraft:deaths":1,"minecraft:sneak_time":1633,"minecraft:walk_under_water_one_cm":10172,"minecraft:jump":2690,"minecraft:walk_on_water_one_cm":15182,"minecraft:total_world_time":89315,"minecraft:fall_one_cm":85597},"minecraft:crafted":{"minecraft:wooden_sword":1,"minecraft:oak_planks":40,"minecraft:diamond_sword":1,"minecraft:diamond_axe":1,"minecraft:crafting_table":4,"minecraft:wooden_pickaxe":1,"minecraft:iron_sword":1,"minecraft:furnace":1,"minecraft:bread":81,"minecraft:air":0,"minecraft:diamond_helmet":1,"minecraft:iron_boots":1,"minecraft:diamond_leggings":1,"minecraft:iron_chestplate":1,"minecraft:diamond_pickaxe":1,"minecraft:shield":1,"minecraft:iron_axe":1,"minecraft:iron_hoe":1,"minecraft:stick":32,"minecraft:iron_ingot":33,"minecraft:iron_pickaxe":1,"minecraft:stone_pickaxe":1,"minecraft:iron_shovel":1,"minecraft:diamond_boots":1,"minecraft:iron_leggings":1,"minecraft:acacia_planks":4,"minecraft:torch":52,"minecraft:diamond_chestplate":1,"minecraft:wheat":243},"minecraft:dropped":{"minecraft:iron_ingot":2,"minecraft:bread":47,"minecraft:iron_sword":1,"minecraft:porkchop":2,"minecraft:golden_helmet":1,"minecraft:diamond":3,"minecraft:raw_iron":4,"minecraft:iron_boots":1,"minecraft:iron_chestplate":1,"minecraft:iron_leggings":1,"minecraft:iron_axe":1,"minecraft:wooden_pickaxe":3,"minecraft:stone_pickaxe":3,"minecraft:iron_pickaxe":1},"minecraft:picked_up":{"minecraft:crafting_table":3,"minecraft:andesite":4,"minecraft:wooden_pickaxe":3,"minecraft:potato":18,"minecraft:flint":6,"minecraft:oak_log":10,"minecraft:shield":1,"minecraft:gunpowder":2,"minecraft:lapis_lazuli":41,"minecraft:dirt":29,"minecraft:string":12,"minecraft:paper":10,"minecraft:raw_copper":2,"minecraft:wooden_sword":1,"minecraft:flint_and_steel":1,"minecraft:bone":17,"minecraft:bow":1,"minecraft:cobbled_deepslate":18,"minecraft:stone_pickaxe":3,"minecraft:iron_pickaxe":1,"minecraft:oak_planks":9,"minecraft:furnace":2,"minecraft:egg":7,"minecraft:golden_helmet":1,"minecraft:stick":4,"minecraft:raw_iron":56,"minecraft:acacia_log":1,"minecraft:torch":8,"minecraft:gravel":6,"minecraft:fire_charge":1,"minecraft:porkchop":2,"minecraft:spider_eye":3,"minecraft:arrow":14,"minecraft:rotten_flesh":16,"minecraft:diamond":35,"minecraft:hay_block":27,"minecraft:bread":77,"minecraft:golden_horse_armor":1,"minecraft:emerald":3,"minecraft:obsidian":2,"minecraft:coal":29,"minecraft:cobblestone":144},"minecraft:killed":{"minecraft:cave_spider":1,"minecraft:zombie_villager":2,"minecraft:spider":7,"minecraft:skeleton":12,"minecraft:zombie":15,"minecraft:glow_squid":1}},"DataVersion":3953}