{"stats":{"minecraft:broken":{"minecraft:wooden_sword":1},"minecraft:mined":{"minecraft:deepslate_diamond_ore":36,"minecraft:obsidian":2,"minecraft:oak_fence":1,"minecraft:crafting_table":3,"minecraft:granite":1,"minecraft:acacia_log":1,"minecraft:short_grass":3,"minecraft:grass_block":3,"minecraft:cobblestone":5,"minecraft:lapis_ore":4,"minecraft:sugar_cane":79,"minecraft:oak_planks":13,"minecraft:diorite":7,"minecraft:wall_torch":4,"minecraft:spruce_stairs":3,"minecraft:hay_block":27,"minecraft:furnace":1,"minecraft:iron_ore":37,"minecraft:pointed_dripstone":2,"minecraft:oak_log":17,"minecraft:coal_ore":27,"minecraft:gravel":1,"minecraft:dirt":5,"minecraft:cobweb":1,"minecraft:stone":175,"minecraft:oak_leaves":7,"minecraft:deepslate":10},"minecraft:killed_by":{"minecraft:creeper":1},"minecraft:used":{"minecraft:iron_shovel":1,"minecraft:stone_pickaxe":30,"minecraft:baked_potato":11,"minecraft:oak_planks":1,"minecraft:wooden_pickaxe":3,"minecraft:shield":54,"minecraft:iron_sword":45,"minecraft:diamond_axe":29,"minecraft:iron_chestplate":1,"minecraft:torch":116,"minecraft:dirt":29,"minecraft:crafting_table":8,"minecraft:diamond_pickaxe":131,"minecraft:apple":6,"minecraft:bread":38,"minecraft:iron_axe":5,"minecraft:iron_pickaxe":155,"minecraft:gravel":4,"minecraft:diamond_sword":80,"minecraft:wooden_sword":48,"minecraft:bow":9,"minecraft:cobblestone":110,"minecraft:furnace":3,"minecraft:andesite":4,"minecraft:cobbled_deepslate":10},"minecraft:custom":{"minecraft:interact_with_furnace":33,"minecraft:mob_kills":60,"minecraft:interact_with_crafting_table":30,"minecraft:bell_ring":1,"minecraft:leave_game":1,"minecraft:time_since_death":95271,"minecraft:sleep_in_bed":5,"minecraft:climb_one_cm":1106,"minecraft:time_since_rest":57216,"minecraft:sprint_one_cm":587995,"minecraft:damage_taken":1886,"minecraft:walk_one_cm":287828,"minecraft:damage_blocked_by_shield":2565,"minecraft:drop":36,"minecraft:damage_dealt":8753,"minecraft:swim_one_cm":50642,"minecraft:talked_to_villager":3,"minecraft:fly_one_cm":872262,"minecraft:open_chest":11,"minecraft:crouch_one_cm":5786,"minecraft:play_time":125315,"minecraft:deaths":1,"minecraft:sneak_time":1742,"minecraft:walk_under_water_one_cm":12239,"minecraft:boat_one_cm":62305,"minecraft:jump":3776,"minecraft:walk_on_water_one_cm":23674,"minecraft:total_world_time":125315,"minecraft:fall_one_cm":113976},"minecraft:crafted":{"minecraft:wooden_sword":1,"minecraft:oak_planks":48,"minecraft:diamond_sword":1,"minecraft:diamond_axe":1,"minecraft:crafting_table":5,"minecraft:baked_potato":16,"minecraft:wooden_pickaxe":1,"minecraft:iron_sword":1,"minecraft:furnace":2,"minecraft:bread":81,"minecraft:air":0,"minecraft:diamond_helmet":1,"minecraft:iron_boots":1,"minecraft:diamond_leggings":1,"minecraft:iron_chestplate":1,"minecraft:diamond_pickaxe":1,"minecraft:shield":1,"minecraft:iron_axe":1,"minecraft:iron_hoe":1,"minecraft:stick":44,"minecraft:iron_ingot":33,"minecraft:iron_pickaxe":1,"minecraft:stone_pickaxe":1,"minecraft:iron_shovel":1,"minecraft:diamond_boots":1,"minecraft:iron_leggings":1,"minecraft:acacia_planks":4,"minecraft:torch":88,"minecraft:diamond_chestplate":1,"minecraft:wheat":243},"minecraft:dropped":{"minecraft:iron_ingot":2,"minecraft:bread":47,"minecraft:iron_sword":1,"minecraft:porkchop":2,"minecraft:golden_helmet":1,"minecraft:diamond":3,"minecraft:pointed_dripstone":3,"minecraft:raw_iron":4,"minecraft:iron_boots":1,"minecraft:iron_chestplate":1,"minecraft:iron_leggings":1,"minecraft:iron_axe":1,"minecraft:wooden_pickaxe":3,"minecraft:stone_pickaxe":3,"minecraft:iron_pickaxe":1},"minecraft:picked_up":{"minecraft:crafting_table":3,"minecraft:chicken":4,"minecraft:andesite":4,"minecraft:leather":15,"minecraft:wooden_pickaxe":3,"minecraft:potato":18,"minecraft:flint":6,"minecraft:oak_log":12,"minecraft:shield":1,"minecraft:gunpowder":2,"minecraft:lapis_lazuli":55,"minecraft:dirt":29,"minecraft:string":13,"minecraft:paper":10,"minecraft:raw_copper":2,"minecraft:wooden_sword":1,"minecraft:flint_and_steel":1,"minecraft:bone":17,"minecraft:bow":1,"minecraft:cobbled_deepslate":18,"minecraft:beef":28,"minecraft:stone_pickaxe":3,"minecraft:iron_pickaxe":1,"minecraft:sugar_cane":164,"minecraft:oak_planks":22,"minecraft:furnace":2,"minecraft:egg":7,"minecraft:golden_helmet":1,"minecraft:stick":4,"minecraft:raw_iron":57,"minecraft:oak_fence":1,"minecraft:acacia_log":1,"minecraft:torch":11,"minecraft:gravel":6,"minecraft:fire_charge":1,"minecraft:porkchop":2,"minecraft:pointed_dripstone":3,"minecraft:spider_eye":3,"minecraft:arrow":14,"minecraft:rotten_flesh":16,"minecraft:diamond":35,"minecraft:hay_block":27,"minecraft:bread":77,"minecraft:golden_horse_armor":1,"minecraft:emerald":3,"minecraft:obsidian":4,"minecraft:coal":29,"minecraft:cobblestone":188},"minecraft:killed":{"minecraft:cave_spider":2,"minecraft:zombie_villager":2,"minecraft:spider":7,"minecraft:skeleton":12,"minecraft:zombie":15,"minecraft:chicken":4,"minecraft:glow_squid":1,"minecraft:cow":15}},"DataVersion":3953}