{"stats":{"minecraft:broken":{"minecraft:wooden_sword":1},"minecraft:mined":{"minecraft:spruce_planks":5,"minecraft:deepslate_diamond_ore":36,"minecraft:obsidian":2,"minecraft:granite":1,"minecraft:acacia_log":1,"minecraft:grass_block":4,"minecraft:hay_block":27,"minecraft:furnace":1,"minecraft:iron_ore":37,"minecraft:pointed_dripstone":2,"minecraft:stripped_oak_log":4,"minecraft:stone":175,"minecraft:crafting_table":3,"minecraft:oak_fence":1,"minecraft:short_grass":3,"minecraft:cobblestone":5,"minecraft:lapis_ore":4,"minecraft:oak_planks":15,"minecraft:sugar_cane":79,"minecraft:diorite":7,"minecraft:wall_torch":4,"minecraft:spruce_stairs":10,"minecraft:coal_ore":27,"minecraft:oak_log":18,"minecraft:dirt":6,"minecraft:gravel":1,"minecraft:cobweb":1,"minecraft:oak_leaves":7,"minecraft:deepslate":10},"minecraft:killed_by":{"minecraft:creeper":1},"minecraft:used":{"minecraft:iron_shovel":3,"minecraft:chest":1,"minecraft:shield":54,"minecraft:iron_sword":45,"minecraft:iron_chestplate":1,"minecraft:torch":116,"minecraft:dirt":31,"minecraft:iron_axe":5,"minecraft:bow":13,"minecraft:furnace":3,"minecraft:cobbled_deepslate":10,"minecraft:stone_pickaxe":30,"minecraft:baked_potato":13,"minecraft:oak_planks":2,"minecraft:wooden_pickaxe":3,"minecraft:diamond_axe":48,"minecraft:crafting_table":9,"minecraft:black_bed":1,"minecraft:diamond_pickaxe":131,"minecraft:apple":6,"minecraft:bread":38,"minecraft:iron_pickaxe":155,"minecraft:gravel":4,"minecraft:diamond_sword":80,"minecraft:wooden_sword":48,"minecraft:cobblestone":121,"minecraft:andesite":4,"minecraft:oak_boat":2},"minecraft:custom":{"minecraft:mob_kills":60,"minecraft:interact_with_crafting_table":32,"minecraft:bell_ring":1,"minecraft:leave_game":1,"minecraft:time_since_death":107271,"minecraft:climb_one_cm":1106,"minecraft:sprint_one_cm":614254,"minecraft:walk_one_cm":308189,"minecraft:damage_blocked_by_shield":2565,"minecraft:drop":38,"minecraft:talked_to_villager":4,"minecraft:play_time":137315,"minecraft:deaths":1,"minecraft:sneak_time":1778,"minecraft:walk_under_water_one_cm":15940,"minecraft:boat_one_cm":213780,"minecraft:jump":3946,"minecraft:walk_on_water_one_cm":26338,"minecraft:total_world_time":137315,"minecraft:interact_with_furnace":33,"minecraft:sleep_in_bed":6,"minecraft:time_since_rest":27,"minecraft:damage_taken":1926,"minecraft:damage_dealt":8753,"minecraft:fly_one_cm":923465,"minecraft:swim_one_cm":51900,"minecraft:open_chest":17,"minecraft:crouch_one_cm":6178,"minecraft:fall_one_cm":118513},"minecraft:crafted":{"minecraft:wooden_sword":1,"minecraft:oak_planks":64,"minecraft:furnace":2,"minecraft:diamond_helmet":1,"minecraft:diamond_leggings":1,"minecraft:iron_boots":1,"minecraft:iron_axe":1,"minecraft:iron_hoe":1,"minecraft:stone_pickaxe":1,"minecraft:chest":1,"minecraft:diamond_boots":1,"minecraft:wheat":243,"minecraft:diamond_sword":1,"minecraft:diamond_axe":1,"minecraft:crafting_table":6,"minecraft:wooden_pickaxe":1,"minecraft:baked_potato":16,"minecraft:iron_sword":1,"minecraft:bread":81,"minecraft:air":0,"minecraft:oak_boat":1,"minecraft:iron_chestplate":1,"minecraft:diamond_pickaxe":1,"minecraft:shield":1,"minecraft:stick":44,"minecraft:iron_ingot":33,"minecraft:iron_pickaxe":1,"minecraft:iron_shovel":1,"minecraft:iron_leggings":1,"minecraft:acacia_planks":4,"minecraft:torch":88,"minecraft:diamond_chestplate":1},"minecraft:dropped":{"minecraft:iron_ingot":2,"minecraft:bread":47,"minecraft:iron_sword":1,"minecraft:porkchop":2,"minecraft:golden_helmet":1,"minecraft:diamond":3,"minecraft:iron_leggings":1,"minecraft:iron_axe":1,"minecraft:iron_pickaxe":1,"minecraft:raw_iron":4,"minecraft:pointed_dripstone":3,"minecraft:oak_planks":16,"minecraft:iron_boots":1,"minecraft:iron_chestplate":1,"minecraft:stone_pickaxe":3,"minecraft:wooden_pickaxe":3},"minecraft:picked_up":{"minecraft:crafting_table":3,"minecraft:chicken":4,"minecraft:wooden_pickaxe":3,"minecraft:shield":1,"minecraft:string":13,"minecraft:raw_copper":2,"minecraft:wooden_sword":1,"minecraft:flint_and_steel":1,"minecraft:cobbled_deepslate":18,"minecraft:spruce_planks":5,"minecraft:beef":28,"minecraft:oak_boat":2,"minecraft:iron_pickaxe":1,"minecraft:sugar_cane":164,"minecraft:egg":7,"minecraft:furnace":2,"minecraft:golden_helmet":1,"minecraft:raw_iron":57,"minecraft:stick":4,"minecraft:oak_fence":1,"minecraft:spruce_stairs":6,"minecraft:torch":11,"minecraft:acacia_log":1,"minecraft:fire_charge":1,"minecraft:porkchop":2,"minecraft:pointed_dripstone":3,"minecraft:arrow":14,"minecraft:rotten_flesh":16,"minecraft:hay_block":27,"minecraft:obsidian":4,"minecraft:cobblestone":188,"minecraft:stripped_oak_log":3,"minecraft:andesite":4,"minecraft:leather":15,"minecraft:potato":18,"minecraft:flint":6,"minecraft:oak_log":13,"minecraft:gunpowder":2,"minecraft:lapis_lazuli":55,"minecraft:dirt":31,"minecraft:paper":10,"minecraft:bone":17,"minecraft:bow":1,"minecraft:stone_pickaxe":3,"minecraft:oak_planks":40,"minecraft:gravel":6,"minecraft:spider_eye":3,"minecraft:diamond":35,"minecraft:emerald":3,"minecraft:golden_horse_armor":1,"minecraft:bread":77,"minecraft:coal":29},"minecraft:killed":{"minecraft:cave_spider":2,"minecraft:spider":7,"minecraft:skeleton":12,"minecraft:chicken":4,"minecraft:zombie_villager":2,"minecraft:zombie":15,"minecraft:glow_squid":1,"minecraft:cow":15}},"DataVersion":3953}