{"stats":{"minecraft:mined":{"minecraft:coal_ore":7,"minecraft:grass_block":1,"minecraft:oak_log":3,"minecraft:stone":4,"minecraft:oak_leaves":2},"minecraft:used":{"minecraft:apple":3,"minecraft:dirt":1,"minecraft:crafting_table":1,"minecraft:stone_pickaxe":8,"minecraft:wooden_pickaxe":3},"minecraft:custom":{"minecraft:time_since_rest":11448,"minecraft:open_chest":8,"minecraft:play_time":11448,"minecraft:sprint_one_cm":54079,"minecraft:walk_one_cm":10188,"minecraft:sneak_time":1,"minecraft:bell_ring":1,"minecraft:walk_under_water_one_cm":999,"minecraft:jump":326,"minecraft:time_since_death":11448,"minecraft:walk_on_water_one_cm":475,"minecraft:total_world_time":11448,"minecraft:interact_with_crafting_table":2,"minecraft:swim_one_cm":961,"minecraft:talked_to_villager":1,"minecraft:fall_one_cm":11928,"minecraft:fly_one_cm":86203},"minecraft:crafted":{"minecraft:oak_planks":12,"minecraft:crafting_table":1,"minecraft:stick":4,"minecraft:stone_pickaxe":1,"minecraft:wooden_pickaxe":1},"minecraft:picked_up":{"minecraft:oak_log":3,"minecraft:coal":7,"minecraft:dirt":1,"minecraft:cobblestone":4,"minecraft:egg":2}},"DataVersion":3953}