{"stats":{"minecraft:broken":{"minecraft:wooden_sword":1},"minecraft:mined":{"minecraft:spruce_planks":5,"minecraft:mossy_cobblestone":1,"minecraft:deepslate_diamond_ore":36,"minecraft:brewing_stand":2,"minecraft:obsidian":2,"minecraft:granite":3,"minecraft:acacia_log":1,"minecraft:grass_block":12,"minecraft:spruce_leaves":41,"minecraft:hay_block":62,"minecraft:furnace":1,"minecraft:iron_ore":37,"minecraft:fletching_table":2,"minecraft:bookshelf":5,"minecraft:pointed_dripstone":2,"minecraft:stripped_oak_log":4,"minecraft:stone":209,"minecraft:glass_pane":1,"minecraft:torch":3,"minecraft:crafting_table":3,"minecraft:oak_fence":1,"minecraft:short_grass":3,"minecraft:chest":4,"minecraft:lectern":4,"minecraft:cobblestone":16,"minecraft:lapis_ore":4,"minecraft:oak_planks":44,"minecraft:sugar_cane":83,"minecraft:diorite":7,"minecraft:wall_torch":4,"minecraft:spruce_stairs":10,"minecraft:spruce_log":348,"minecraft:coal_ore":63,"minecraft:oak_log":23,"minecraft:sand":73,"minecraft:dirt":32,"minecraft:gravel":1,"minecraft:cobweb":1,"minecraft:stonecutter":1,"minecraft:oak_leaves":7,"minecraft:deepslate":10},"minecraft:killed_by":{"minecraft:creeper":1},"minecraft:used":{"minecraft:iron_shovel":93,"minecraft:spruce_planks":14,"minecraft:chest":5,"minecraft:shield":54,"minecraft:iron_sword":45,"minecraft:cooked_salmon":7,"minecraft:iron_chestplate":1,"minecraft:torch":125,"minecraft:dirt":64,"minecraft:granite":2,"minecraft:iron_hoe":35,"minecraft:bookshelf":1,"minecraft:iron_axe":5,"minecraft:bow":16,"minecraft:furnace":4,"minecraft:cooked_beef":6,"minecraft:cobbled_deepslate":10,"minecraft:stone_pickaxe":30,"minecraft:baked_potato":16,"minecraft:oak_planks":33,"minecraft:wooden_pickaxe":3,"minecraft:fletching_table":3,"minecraft:sugar_cane":4,"minecraft:diamond_axe":471,"minecraft:mossy_cobblestone":1,"minecraft:sand":18,"minecraft:crafting_table":9,"minecraft:black_bed":1,"minecraft:oak_log":3,"minecraft:diamond_pickaxe":218,"minecraft:apple":6,"minecraft:dark_oak_log":1,"minecraft:bread":38,"minecraft:iron_pickaxe":155,"minecraft:lectern":4,"minecraft:spruce_sapling":39,"minecraft:gravel":4,"minecraft:diamond_sword":108,"minecraft:wooden_sword":48,"minecraft:cobblestone":162,"minecraft:andesite":4,"minecraft:oak_boat":4},"minecraft:custom":{"minecraft:mob_kills":68,"minecraft:interact_with_crafting_table":38,"minecraft:bell_ring":1,"minecraft:leave_game":1,"minecraft:time_since_death":191271,"minecraft:climb_one_cm":2444,"minecraft:sprint_one_cm":862523,"minecraft:walk_one_cm":479395,"minecraft:damage_blocked_by_shield":2565,"minecraft:drop":51,"minecraft:talked_to_villager":46,"minecraft:play_time":221315,"minecraft:deaths":1,"minecraft:sneak_time":4193,"minecraft:walk_under_water_one_cm":16627,"minecraft:boat_one_cm":500069,"minecraft:jump":5960,"minecraft:walk_on_water_one_cm":29649,"minecraft:total_world_time":221315,"minecraft:interact_with_furnace":36,"minecraft:traded_with_villager":108,"minecraft:sleep_in_bed":8,"minecraft:time_since_rest":49521,"minecraft:damage_taken":2462,"minecraft:damage_dealt":10396,"minecraft:fly_one_cm":1512037,"minecraft:swim_one_cm":52205,"minecraft:open_chest":51,"minecraft:crouch_one_cm":13414,"minecraft:fall_one_cm":173793},"minecraft:crafted":{"minecraft:wooden_sword":1,"minecraft:oak_planks":72,"minecraft:furnace":3,"minecraft:bookshelf":1,"minecraft:glass":56,"minecraft:lantern":6,"minecraft:diamond_helmet":1,"minecraft:diamond_leggings":1,"minecraft:iron_boots":1,"minecraft:iron_axe":1,"minecraft:iron_hoe":1,"minecraft:stone_pickaxe":1,"minecraft:chest":1,"minecraft:diamond_boots":1,"minecraft:wheat":243,"minecraft:cooked_beef":28,"minecraft:diamond_sword":1,"minecraft:emerald":82,"minecraft:diamond_axe":1,"minecraft:crafting_table":6,"minecraft:spruce_planks":1392,"minecraft:wooden_pickaxe":1,"minecraft:baked_potato":16,"minecraft:iron_sword":1,"minecraft:fletching_table":1,"minecraft:enchanted_book":3,"minecraft:bread":81,"minecraft:air":0,"minecraft:oak_boat":1,"minecraft:book":1,"minecraft:iron_chestplate":1,"minecraft:paper":165,"minecraft:diamond_pickaxe":1,"minecraft:shield":1,"minecraft:stick":2804,"minecraft:compass":2,"minecraft:iron_ingot":33,"minecraft:iron_pickaxe":1,"minecraft:iron_shovel":1,"minecraft:iron_leggings":1,"minecraft:acacia_planks":4,"minecraft:torch":88,"minecraft:diamond_chestplate":1},"minecraft:dropped":{"minecraft:iron_ingot":2,"minecraft:bread":47,"minecraft:iron_sword":1,"minecraft:porkchop":2,"minecraft:golden_helmet":1,"minecraft:diamond":3,"minecraft:oak_fence":3,"minecraft:cobblestone":40,"minecraft:spruce_stairs":1,"minecraft:rail":6,"minecraft:dirt":1,"minecraft:brown_wool":1,"minecraft:iron_leggings":1,"minecraft:iron_axe":1,"minecraft:iron_pickaxe":1,"minecraft:raw_iron":4,"minecraft:pointed_dripstone":3,"minecraft:oak_planks":17,"minecraft:iron_boots":2,"minecraft:filled_map":1,"minecraft:iron_chestplate":1,"minecraft:oak_boat":1,"minecraft:stone_pickaxe":3,"minecraft:wooden_pickaxe":3},"minecraft:picked_up":{"minecraft:crafting_table":3,"minecraft:chicken":8,"minecraft:wooden_pickaxe":3,"minecraft:potion":1,"minecraft:brewing_stand":4,"minecraft:shield":1,"minecraft:string":15,"minecraft:raw_copper":4,"minecraft:wooden_sword":1,"minecraft:flint_and_steel":1,"minecraft:gold_nugget":28,"minecraft:cobbled_deepslate":18,"minecraft:spruce_planks":5,"minecraft:beef":28,"minecraft:oak_boat":3,"minecraft:iron_pickaxe":1,"minecraft:lectern":4,"minecraft:sugar_cane":169,"minecraft:chest":4,"minecraft:egg":25,"minecraft:furnace":2,"minecraft:golden_helmet":1,"minecraft:raw_iron":58,"minecraft:stick":40,"minecraft:oak_fence":1,"minecraft:spruce_stairs":6,"minecraft:torch":14,"minecraft:acacia_log":1,"minecraft:fire_charge":1,"minecraft:porkchop":2,"minecraft:pointed_dripstone":3,"minecraft:prismarine_crystals":4,"minecraft:tnt":2,"minecraft:arrow":14,"minecraft:rotten_flesh":32,"minecraft:beetroot_seeds":4,"minecraft:hay_block":95,"minecraft:gold_ingot":6,"minecraft:obsidian":11,"minecraft:rail":5,"minecraft:cobblestone":313,"minecraft:stripped_oak_log":3,"minecraft:feather":24,"minecraft:andesite":4,"minecraft:leather":30,"minecraft:potato":19,"minecraft:flint":12,"minecraft:oak_log":18,"minecraft:gunpowder":5,"minecraft:lapis_lazuli":110,"minecraft:dirt":65,"minecraft:paper":14,"minecraft:name_tag":5,"minecraft:bone":28,"minecraft:bow":1,"minecraft:heart_of_the_sea":1,"minecraft:iron_ingot":9,"minecraft:stone_pickaxe":3,"minecraft:fletching_table":2,"minecraft:oak_planks":70,"minecraft:book":15,"minecraft:gravel":6,"minecraft:sand":156,"minecraft:spruce_sapling":39,"minecraft:spruce_log":374,"minecraft:dark_oak_log":1,"minecraft:spider_eye":3,"minecraft:mossy_cobblestone":1,"minecraft:pumpkin_seeds":2,"minecraft:diamond":35,"minecraft:granite":2,"minecraft:golden_apple":1,"minecraft:emerald":3,"minecraft:golden_horse_armor":2,"minecraft:bread":77,"minecraft:melon_seeds":15,"minecraft:coal":93},"minecraft:killed":{"minecraft:cave_spider":2,"minecraft:spider":9,"minecraft:skeleton":12,"minecraft:chicken":4,"minecraft:zombie_villager":2,"minecraft:iron_golem":1,"minecraft:creeper":2,"minecraft:zombie":17,"minecraft:glow_squid":1,"minecraft:cow":15}},"DataVersion":3953}