{"stats":{"minecraft:broken":{"minecraft:wooden_sword":1},"minecraft:mined":{"minecraft:crafting_table":1,"minecraft:short_grass":2,"minecraft:grass_block":3,"minecraft:cobblestone":1,"minecraft:wall_torch":1,"minecraft:hay_block":27,"minecraft:furnace":1,"minecraft:iron_ore":36,"minecraft:coal_ore":8,"minecraft:oak_log":9,"minecraft:dirt":4,"minecraft:stone":47,"minecraft:oak_leaves":6},"minecraft:killed_by":{"minecraft:creeper":1},"minecraft:used":{"minecraft:stone_pickaxe":30,"minecraft:wooden_pickaxe":3,"minecraft:shield":23,"minecraft:torch":28,"minecraft:dirt":6,"minecraft:crafting_table":3,"minecraft:apple":6,"minecraft:bread":9,"minecraft:iron_pickaxe":71,"minecraft:gravel":3,"minecraft:wooden_sword":48,"minecraft:cobblestone":33,"minecraft:bow":2,"minecraft:furnace":2,"minecraft:andesite":2},"minecraft:custom":{"minecraft:interact_with_furnace":6,"minecraft:mob_kills":10,"minecraft:interact_with_crafting_table":8,"minecraft:bell_ring":1,"minecraft:time_since_death":5404,"minecraft:sleep_in_bed":1,"minecraft:climb_one_cm":96,"minecraft:time_since_rest":5429,"minecraft:sprint_one_cm":138298,"minecraft:damage_taken":829,"minecraft:walk_one_cm":67788,"minecraft:damage_blocked_by_shield":1077,"minecraft:damage_dealt":1715,"minecraft:swim_one_cm":28315,"minecraft:talked_to_villager":1,"minecraft:fly_one_cm":182008,"minecraft:open_chest":10,"minecraft:crouch_one_cm":984,"minecraft:play_time":35448,"minecraft:deaths":1,"minecraft:sneak_time":543,"minecraft:walk_under_water_one_cm":6442,"minecraft:jump":799,"minecraft:walk_on_water_one_cm":4981,"minecraft:total_world_time":35448,"minecraft:fall_one_cm":25164},"minecraft:crafted":{"minecraft:wooden_sword":1,"minecraft:oak_planks":36,"minecraft:crafting_table":2,"minecraft:wooden_pickaxe":1,"minecraft:furnace":1,"minecraft:bread":81,"minecraft:air":0,"minecraft:shield":1,"minecraft:stick":16,"minecraft:iron_ingot":4,"minecraft:iron_pickaxe":1,"minecraft:stone_pickaxe":1,"minecraft:torch":28,"minecraft:wheat":243},"minecraft:picked_up":{"minecraft:crafting_table":1,"minecraft:andesite":2,"minecraft:wooden_pickaxe":1,"minecraft:potato":18,"minecraft:flint":6,"minecraft:oak_log":9,"minecraft:shield":1,"minecraft:dirt":7,"minecraft:string":9,"minecraft:paper":10,"minecraft:raw_copper":2,"minecraft:wooden_sword":1,"minecraft:flint_and_steel":1,"minecraft:bone":10,"minecraft:bow":1,"minecraft:stone_pickaxe":1,"minecraft:iron_pickaxe":1,"minecraft:oak_planks":9,"minecraft:egg":6,"minecraft:furnace":2,"minecraft:golden_helmet":1,"minecraft:stick":4,"minecraft:raw_iron":52,"minecraft:torch":4,"minecraft:fire_charge":1,"minecraft:gravel":5,"minecraft:spider_eye":2,"minecraft:arrow":7,"minecraft:hay_block":27,"minecraft:emerald":3,"minecraft:golden_horse_armor":1,"minecraft:bread":77,"minecraft:obsidian":2,"minecraft:coal":10,"minecraft:cobblestone":67},"minecraft:killed":{"minecraft:spider":3,"minecraft:skeleton":6,"minecraft:zombie":1}},"DataVersion":3953}