{"stats":{"minecraft:broken":{"minecraft:wooden_sword":1},"minecraft:mined":{"minecraft:deepslate_diamond_ore":32,"minecraft:crafting_table":3,"minecraft:short_grass":2,"minecraft:grass_block":3,"minecraft:cobblestone":4,"minecraft:lapis_ore":1,"minecraft:wall_torch":1,"minecraft:hay_block":27,"minecraft:furnace":1,"minecraft:iron_ore":36,"minecraft:coal_ore":27,"minecraft:oak_log":9,"minecraft:gravel":1,"minecraft:dirt":5,"minecraft:stone":66,"minecraft:oak_leaves":6,"minecraft:deepslate":10},"minecraft:killed_by":{"minecraft:creeper":1},"minecraft:used":{"minecraft:iron_shovel":1,"minecraft:stone_pickaxe":30,"minecraft:oak_planks":1,"minecraft:wooden_pickaxe":3,"minecraft:shield":32,"minecraft:iron_sword":45,"minecraft:iron_chestplate":1,"minecraft:torch":47,"minecraft:dirt":11,"minecraft:crafting_table":6,"minecraft:apple":6,"minecraft:iron_axe":2,"minecraft:bread":22,"minecraft:iron_pickaxe":155,"minecraft:gravel":4,"minecraft:wooden_sword":48,"minecraft:cobblestone":80,"minecraft:bow":2,"minecraft:furnace":2,"minecraft:andesite":4,"minecraft:cobbled_deepslate":5},"minecraft:custom":{"minecraft:interact_with_furnace":26,"minecraft:mob_kills":22,"minecraft:interact_with_crafting_table":27,"minecraft:bell_ring":1,"minecraft:time_since_death":35404,"minecraft:sleep_in_bed":1,"minecraft:climb_one_cm":335,"minecraft:time_since_rest":35429,"minecraft:sprint_one_cm":270892,"minecraft:damage_taken":1155,"minecraft:walk_one_cm":127336,"minecraft:damage_blocked_by_shield":1378,"minecraft:drop":11,"minecraft:damage_dealt":4089,"minecraft:swim_one_cm":34238,"minecraft:talked_to_villager":1,"minecraft:fly_one_cm":389929,"minecraft:open_chest":10,"minecraft:crouch_one_cm":2475,"minecraft:play_time":65448,"minecraft:deaths":1,"minecraft:sneak_time":911,"minecraft:walk_under_water_one_cm":8551,"minecraft:jump":1821,"minecraft:walk_on_water_one_cm":8591,"minecraft:total_world_time":65448,"minecraft:fall_one_cm":53251},"minecraft:crafted":{"minecraft:wooden_sword":1,"minecraft:oak_planks":36,"minecraft:crafting_table":3,"minecraft:wooden_pickaxe":1,"minecraft:iron_sword":1,"minecraft:furnace":1,"minecraft:bread":81,"minecraft:air":0,"minecraft:diamond_helmet":1,"minecraft:diamond_leggings":1,"minecraft:iron_chestplate":1,"minecraft:iron_boots":1,"minecraft:shield":1,"minecraft:iron_axe":1,"minecraft:iron_hoe":1,"minecraft:stick":24,"minecraft:iron_ingot":33,"minecraft:iron_pickaxe":1,"minecraft:stone_pickaxe":1,"minecraft:diamond_boots":1,"minecraft:iron_shovel":1,"minecraft:iron_leggings":1,"minecraft:torch":40,"minecraft:diamond_chestplate":1,"minecraft:wheat":243},"minecraft:dropped":{"minecraft:bread":31,"minecraft:porkchop":2,"minecraft:golden_helmet":1,"minecraft:iron_boots":1,"minecraft:iron_chestplate":1,"minecraft:iron_leggings":1,"minecraft:stone_pickaxe":2,"minecraft:wooden_pickaxe":3},"minecraft:picked_up":{"minecraft:crafting_table":3,"minecraft:andesite":4,"minecraft:wooden_pickaxe":3,"minecraft:potato":18,"minecraft:flint":6,"minecraft:oak_log":9,"minecraft:shield":1,"minecraft:lapis_lazuli":41,"minecraft:dirt":29,"minecraft:string":11,"minecraft:paper":10,"minecraft:raw_copper":2,"minecraft:wooden_sword":1,"minecraft:flint_and_steel":1,"minecraft:bone":10,"minecraft:bow":1,"minecraft:cobbled_deepslate":10,"minecraft:stone_pickaxe":3,"minecraft:iron_pickaxe":1,"minecraft:oak_planks":9,"minecraft:egg":7,"minecraft:furnace":2,"minecraft:golden_helmet":1,"minecraft:stick":4,"minecraft:raw_iron":56,"minecraft:torch":7,"minecraft:fire_charge":1,"minecraft:gravel":6,"minecraft:porkchop":2,"minecraft:spider_eye":2,"minecraft:arrow":8,"minecraft:rotten_flesh":8,"minecraft:diamond":32,"minecraft:hay_block":27,"minecraft:emerald":3,"minecraft:golden_horse_armor":1,"minecraft:bread":77,"minecraft:obsidian":2,"minecraft:coal":29,"minecraft:cobblestone":142},"minecraft:killed":{"minecraft:spider":7,"minecraft:skeleton":7,"minecraft:zombie":8}},"DataVersion":3953}