{"stats":{"minecraft:mined":{"minecraft:red_sand":1,"minecraft:short_grass":7,"minecraft:vine":1,"minecraft:white_bed":1,"minecraft:jungle_log":6,"minecraft:bamboo":9,"minecraft:fern":3,"minecraft:yellow_bed":1},"minecraft:used":{"minecraft:bamboo":1,"minecraft:cooked_porkchop":2,"minecraft:yellow_bed":1,"minecraft:egg":1},"minecraft:custom":{"minecraft:time_since_rest":13950,"minecraft:open_chest":3,"minecraft:crouch_one_cm":34,"minecraft:play_time":13950,"minecraft:sprint_one_cm":65295,"minecraft:damage_taken":100,"minecraft:walk_one_cm":58152,"minecraft:sneak_time":5,"minecraft:mob_kills":1,"minecraft:animals_bred":1,"minecraft:jump":337,"minecraft:damage_dealt":105,"minecraft:interact_with_blast_furnace":1,"minecraft:time_since_death":13950,"minecraft:total_world_time":13950,"minecraft:climb_one_cm":293,"minecraft:fall_one_cm":10554,"minecraft:fly_one_cm":64406},"minecraft:picked_up":{"minecraft:chicken":1,"minecraft:cooked_porkchop":4,"minecraft:jungle_log":6,"minecraft:red_sand":1,"minecraft:yellow_bed":1,"minecraft:white_bed":1,"minecraft:bamboo":106,"minecraft:egg":1},"minecraft:killed":{"minecraft:chicken":1}},"DataVersion":3953}