{"stats":{"minecraft:mined":{"minecraft:tuff":5,"minecraft:white_bed":5,"minecraft:orange_terracotta":9,"minecraft:crafting_table":4,"minecraft:torch":1,"minecraft:light_gray_terracotta":4,"minecraft:short_grass":7,"minecraft:red_sand":3,"minecraft:jungle_planks":2,"minecraft:jungle_log":6,"minecraft:wall_torch":3,"minecraft:white_terracotta":7,"minecraft:furnace":2,"minecraft:iron_ore":1,"minecraft:black_bed":1,"minecraft:yellow_bed":1,"minecraft:coal_ore":55,"minecraft:deepslate_iron_ore":9,"minecraft:vine":1,"minecraft:rail":1,"minecraft:sand":1,"minecraft:cobweb":7,"minecraft:terracotta":16,"minecraft:bamboo":9,"minecraft:stone":23,"minecraft:deepslate":54,"minecraft:fern":3},"minecraft:killed_by":{"minecraft:cave_spider":1},"minecraft:used":{"minecraft:red_sand":6,"minecraft:stone_sword":62,"minecraft:stone_pickaxe":116,"minecraft:chest":1,"minecraft:white_terracotta":9,"minecraft:wooden_pickaxe":5,"minecraft:cooked_chicken":1,"minecraft:torch":21,"minecraft:crafting_table":3,"minecraft:jungle_planks":2,"minecraft:white_bed":4,"minecraft:black_bed":2,"minecraft:dark_oak_planks":2,"minecraft:chicken":1,"minecraft:bread":8,"minecraft:iron_pickaxe":68,"minecraft:bow":3,"minecraft:bamboo":1,"minecraft:stone_axe":8,"minecraft:cobblestone":4,"minecraft:furnace":1,"minecraft:cooked_porkchop":4,"minecraft:egg":1,"minecraft:yellow_bed":1,"minecraft:cooked_beef":3},"minecraft:custom":{"minecraft:interact_with_furnace":27,"minecraft:mob_kills":14,"minecraft:animals_bred":1,"minecraft:interact_with_crafting_table":15,"minecraft:leave_game":1,"minecraft:time_since_death":50252,"minecraft:sleep_in_bed":8,"minecraft:climb_one_cm":293,"minecraft:time_since_rest":0,"minecraft:sprint_one_cm":311736,"minecraft:damage_taken":937,"minecraft:walk_one_cm":246219,"minecraft:drop":19,"minecraft:damage_dealt":2458,"minecraft:swim_one_cm":31520,"minecraft:fly_one_cm":204676,"minecraft:open_chest":18,"minecraft:play_time":80394,"minecraft:crouch_one_cm":4295,"minecraft:sneak_time":1726,"minecraft:deaths":1,"minecraft:walk_under_water_one_cm":10171,"minecraft:boat_one_cm":112366,"minecraft:jump":1192,"minecraft:interact_with_blast_furnace":1,"minecraft:walk_on_water_one_cm":11045,"minecraft:total_world_time":80394,"minecraft:fall_one_cm":35456},"minecraft:crafted":{"minecraft:cooked_cod":1,"minecraft:crafting_table":1,"minecraft:jungle_boat":1,"minecraft:wooden_pickaxe":1,"minecraft:cooked_chicken":1,"minecraft:iron_sword":1,"minecraft:furnace":1,"minecraft:bucket":1,"minecraft:stone_axe":1,"minecraft:air":0,"minecraft:jungle_planks":36,"minecraft:shield":1,"minecraft:stick":20,"minecraft:chest":1,"minecraft:iron_ingot":17,"minecraft:iron_pickaxe":1,"minecraft:stone_pickaxe":1,"minecraft:stone_sword":1,"minecraft:torch":20},"minecraft:dropped":{"minecraft:bread":9,"minecraft:stone_axe":1,"minecraft:stone_sword":2,"minecraft:crafting_table":1,"minecraft:tuff":5,"minecraft:cobblestone":7,"minecraft:rotten_flesh":3,"minecraft:oak_planks":14,"minecraft:jungle_planks":4,"minecraft:dark_oak_fence":2,"minecraft:bamboo":6,"minecraft:spider_eye":1,"minecraft:sand":2,"minecraft:jungle_boat":1,"minecraft:stone_pickaxe":1,"minecraft:wooden_pickaxe":1,"minecraft:bucket":1},"minecraft:picked_up":{"minecraft:crafting_table":5,"minecraft:cooked_beef":5,"minecraft:chicken":2,"minecraft:chest_minecart":2,"minecraft:jungle_log":24,"minecraft:black_bed":1,"minecraft:leather":3,"minecraft:wooden_pickaxe":1,"minecraft:tuff":5,"minecraft:yellow_bed":1,"minecraft:string":13,"minecraft:name_tag":1,"minecraft:orange_terracotta":11,"minecraft:bone":10,"minecraft:bow":1,"minecraft:red_sand":12,"minecraft:cobbled_deepslate":47,"minecraft:detector_rail":8,"minecraft:stone_pickaxe":1,"minecraft:poppy":1,"minecraft:bamboo":176,"minecraft:iron_sword":1,"minecraft:oak_planks":14,"minecraft:egg":1,"minecraft:furnace":2,"minecraft:raw_iron":10,"minecraft:cooked_porkchop":4,"minecraft:torch":19,"minecraft:sand":2,"minecraft:jungle_planks":17,"minecraft:white_bed":6,"minecraft:spider_eye":1,"minecraft:dark_oak_planks":4,"minecraft:light_gray_terracotta":4,"minecraft:stone_sword":2,"minecraft:rotten_flesh":5,"minecraft:arrow":6,"minecraft:stone_axe":2,"minecraft:armadillo_scute":3,"minecraft:bread":1,"minecraft:white_terracotta":15,"minecraft:terracotta":13,"minecraft:melon_seeds":6,"minecraft:dark_oak_fence":4,"minecraft:cod":2,"minecraft:coal":58,"minecraft:rail":17,"minecraft:cobblestone":34},"minecraft:killed":{"minecraft:cod":2,"minecraft:creeper":1,"minecraft:skeleton":4,"minecraft:zombie":4,"minecraft:chicken":1,"minecraft:drowned":1}},"DataVersion":3953}