{"stats":{"minecraft:mined":{"minecraft:white_bed":4,"minecraft:crafting_table":1,"minecraft:torch":1,"minecraft:light_gray_terracotta":4,"minecraft:red_sand":3,"minecraft:short_grass":7,"minecraft:jungle_planks":2,"minecraft:jungle_log":6,"minecraft:wall_torch":2,"minecraft:white_terracotta":7,"minecraft:iron_ore":1,"minecraft:yellow_bed":1,"minecraft:coal_ore":42,"minecraft:vine":1,"minecraft:rail":1,"minecraft:cobweb":7,"minecraft:terracotta":4,"minecraft:bamboo":9,"minecraft:stone":17,"minecraft:fern":3},"minecraft:killed_by":{"minecraft:cave_spider":1},"minecraft:custom":{"minecraft:mob_kills":9,"minecraft:animals_bred":1,"minecraft:interact_with_crafting_table":5,"minecraft:time_since_death":7808,"minecraft:sleep_in_bed":3,"minecraft:climb_one_cm":293,"minecraft:time_since_rest":7866,"minecraft:sprint_one_cm":183678,"minecraft:damage_taken":737,"minecraft:walk_one_cm":141410,"minecraft:damage_dealt":1866,"minecraft:swim_one_cm":1692,"minecraft:fly_one_cm":118781,"minecraft:open_chest":3,"minecraft:crouch_one_cm":1309,"minecraft:play_time":37950,"minecraft:deaths":1,"minecraft:sneak_time":760,"minecraft:walk_under_water_one_cm":176,"minecraft:jump":769,"minecraft:interact_with_blast_furnace":1,"minecraft:walk_on_water_one_cm":162,"minecraft:total_world_time":37950,"minecraft:fall_one_cm":21242},"minecraft:used":{"minecraft:red_sand":6,"minecraft:stone_sword":50,"minecraft:stone_pickaxe":73,"minecraft:wooden_pickaxe":5,"minecraft:torch":18,"minecraft:crafting_table":1,"minecraft:jungle_planks":2,"minecraft:white_bed":3,"minecraft:dark_oak_planks":2,"minecraft:chicken":1,"minecraft:bamboo":1,"minecraft:stone_axe":3,"minecraft:cobblestone":1,"minecraft:cooked_porkchop":4,"minecraft:yellow_bed":1,"minecraft:egg":1,"minecraft:cooked_beef":3},"minecraft:crafted":{"minecraft:crafting_table":1,"minecraft:wooden_pickaxe":1,"minecraft:stone_axe":1,"minecraft:jungle_planks":24,"minecraft:stick":12,"minecraft:stone_pickaxe":1,"minecraft:stone_sword":1,"minecraft:torch":20},"minecraft:picked_up":{"minecraft:crafting_table":2,"minecraft:cooked_beef":5,"minecraft:chicken":1,"minecraft:jungle_log":6,"minecraft:chest_minecart":2,"minecraft:wooden_pickaxe":1,"minecraft:yellow_bed":1,"minecraft:string":13,"minecraft:name_tag":1,"minecraft:orange_terracotta":2,"minecraft:bone":10,"minecraft:bow":1,"minecraft:red_sand":12,"minecraft:detector_rail":8,"minecraft:stone_pickaxe":1,"minecraft:poppy":1,"minecraft:bamboo":176,"minecraft:egg":1,"minecraft:raw_iron":1,"minecraft:cooked_porkchop":4,"minecraft:torch":18,"minecraft:jungle_planks":13,"minecraft:white_bed":5,"minecraft:spider_eye":1,"minecraft:dark_oak_planks":4,"minecraft:light_gray_terracotta":4,"minecraft:stone_sword":1,"minecraft:arrow":6,"minecraft:rotten_flesh":4,"minecraft:stone_axe":1,"minecraft:armadillo_scute":2,"minecraft:bread":1,"minecraft:white_terracotta":9,"minecraft:terracotta":6,"minecraft:melon_seeds":6,"minecraft:dark_oak_fence":4,"minecraft:coal":45,"minecraft:rail":17,"minecraft:cobblestone":27},"minecraft:killed":{"minecraft:creeper":1,"minecraft:skeleton":4,"minecraft:zombie":2,"minecraft:chicken":1}},"DataVersion":3953}