{"stats":{"minecraft:broken":{"minecraft:stone_axe":1,"minecraft:iron_sword":2},"minecraft:mined":{"minecraft:tuff":5,"minecraft:white_bed":5,"minecraft:cherry_log":21,"minecraft:red_sand":3,"minecraft:grass_block":6,"minecraft:jungle_planks":2,"minecraft:jungle_log":6,"minecraft:furnace":2,"minecraft:iron_ore":1,"minecraft:vine":1,"minecraft:deepslate_iron_ore":9,"minecraft:dirt_path":1,"minecraft:rail":1,"minecraft:bamboo":10,"minecraft:stone":23,"minecraft:smoker":1,"minecraft:orange_terracotta":10,"minecraft:crafting_table":4,"minecraft:cornflower":1,"minecraft:torch":1,"minecraft:light_gray_terracotta":4,"minecraft:short_grass":34,"minecraft:blast_furnace":1,"minecraft:poppy":2,"minecraft:melon":19,"minecraft:chest":1,"minecraft:tall_grass":1,"minecraft:wall_torch":3,"minecraft:pink_petals":117,"minecraft:white_terracotta":7,"minecraft:black_bed":2,"minecraft:yellow_bed":1,"minecraft:coal_ore":55,"minecraft:cherry_leaves":275,"minecraft:dirt":2,"minecraft:sand":1,"minecraft:cobweb":7,"minecraft:terracotta":19,"minecraft:oak_leaves":1,"minecraft:deepslate":54,"minecraft:fern":3},"minecraft:killed_by":{"minecraft:player":1,"minecraft:cave_spider":1},"minecraft:custom":{"minecraft:mob_kills":45,"minecraft:animals_bred":2,"minecraft:interact_with_crafting_table":19,"minecraft:leave_game":7,"minecraft:time_since_death":74943,"minecraft:climb_one_cm":948,"minecraft:sprint_one_cm":653844,"minecraft:walk_one_cm":401649,"minecraft:damage_blocked_by_shield":852,"minecraft:drop":41,"minecraft:talked_to_villager":2,"minecraft:play_time":160607,"minecraft:deaths":2,"minecraft:sneak_time":2750,"minecraft:walk_under_water_one_cm":15844,"minecraft:boat_one_cm":343731,"minecraft:jump":2989,"minecraft:interact_with_blast_furnace":2,"minecraft:walk_on_water_one_cm":23544,"minecraft:total_world_time":160607,"minecraft:interact_with_furnace":27,"minecraft:sleep_in_bed":13,"minecraft:time_since_rest":3235,"minecraft:damage_taken":2002,"minecraft:damage_dealt":6284,"minecraft:swim_one_cm":37119,"minecraft:fly_one_cm":631367,"minecraft:open_chest":30,"minecraft:crouch_one_cm":8155,"minecraft:interact_with_smoker":5,"minecraft:fall_one_cm":94217,"minecraft:horse_one_cm":150042},"minecraft:used":{"minecraft:stone_sword":62,"minecraft:red_sand":6,"minecraft:chest":3,"minecraft:white_terracotta":15,"minecraft:shield":31,"minecraft:iron_sword":280,"minecraft:cooked_chicken":1,"minecraft:torch":21,"minecraft:dirt":6,"minecraft:jungle_planks":2,"minecraft:dark_oak_planks":2,"minecraft:bamboo":1,"minecraft:bow":3,"minecraft:furnace":1,"minecraft:cooked_cod":1,"minecraft:egg":1,"minecraft:cooked_beef":3,"minecraft:oak_planks":5,"minecraft:stone_pickaxe":116,"minecraft:wooden_pickaxe":5,"minecraft:jungle_boat":2,"minecraft:crafting_table":4,"minecraft:blast_furnace":1,"minecraft:white_bed":5,"minecraft:black_bed":3,"minecraft:smoker":1,"minecraft:chicken":1,"minecraft:melon_slice":2,"minecraft:bread":14,"minecraft:iron_pickaxe":78,"minecraft:stone_axe":116,"minecraft:cobblestone":4,"minecraft:cooked_porkchop":13,"minecraft:yellow_bed":1},"minecraft:dropped":{"minecraft:bread":9,"minecraft:wheat_seeds":4,"minecraft:crafting_table":3,"minecraft:cooked_porkchop":1,"minecraft:cobblestone":7,"minecraft:jungle_planks":7,"minecraft:stick":3,"minecraft:dirt":6,"minecraft:dark_oak_fence":2,"minecraft:armadillo_scute":1,"minecraft:sand":2,"minecraft:jungle_boat":1,"minecraft:string":7,"minecraft:bucket":1,"minecraft:stone_axe":1,"minecraft:stone_sword":2,"minecraft:tuff":5,"minecraft:rotten_flesh":4,"minecraft:oak_planks":14,"minecraft:white_bed":1,"minecraft:spider_eye":2,"minecraft:bamboo":18,"minecraft:bow":1,"minecraft:arrow":1,"minecraft:stone_pickaxe":1,"minecraft:wooden_pickaxe":1},"minecraft:crafted":{"minecraft:cherry_planks":4,"minecraft:cooked_chicken":1,"minecraft:furnace":1,"minecraft:stone_pickaxe":1,"minecraft:chest":2,"minecraft:cooked_cod":1,"minecraft:cooked_porkchop":12,"minecraft:crafting_table":2,"minecraft:jungle_boat":2,"minecraft:wooden_pickaxe":1,"minecraft:iron_sword":1,"minecraft:bucket":2,"minecraft:stone_axe":1,"minecraft:air":0,"minecraft:jungle_planks":44,"minecraft:blue_dye":1,"minecraft:shield":1,"minecraft:stick":20,"minecraft:iron_ingot":17,"minecraft:iron_pickaxe":1,"minecraft:stone_sword":1,"minecraft:torch":20},"minecraft:picked_up":{"minecraft:crafting_table":7,"minecraft:chicken":11,"minecraft:chest_minecart":2,"minecraft:wooden_pickaxe":1,"minecraft:shield":1,"minecraft:cornflower":1,"minecraft:string":20,"minecraft:red_sand":12,"minecraft:cobbled_deepslate":94,"minecraft:detector_rail":8,"minecraft:poppy":3,"minecraft:iron_pickaxe":1,"minecraft:melon_slice":131,"minecraft:chest":1,"minecraft:egg":1,"minecraft:furnace":4,"minecraft:stick":8,"minecraft:raw_iron":10,"minecraft:torch":25,"minecraft:porkchop":12,"minecraft:cherry_log":24,"minecraft:carrot":1,"minecraft:dark_oak_planks":4,"minecraft:cooked_cod":1,"minecraft:rotten_flesh":7,"minecraft:stone_sword":2,"minecraft:arrow":8,"minecraft:armadillo_scute":4,"minecraft:white_terracotta":21,"minecraft:mutton":4,"minecraft:cod":2,"minecraft:rail":17,"minecraft:cobblestone":34,"minecraft:pink_petals":250,"minecraft:jungle_boat":1,"minecraft:feather":4,"minecraft:cooked_beef":5,"minecraft:salmon":3,"minecraft:jungle_log":39,"minecraft:black_bed":3,"minecraft:leather":6,"minecraft:smoker":1,"minecraft:tuff":5,"minecraft:yellow_bed":1,"minecraft:dirt":13,"minecraft:orange_terracotta":22,"minecraft:name_tag":2,"minecraft:bone":23,"minecraft:bow":2,"minecraft:wheat_seeds":13,"minecraft:iron_ingot":8,"minecraft:stone_pickaxe":1,"minecraft:bamboo":266,"minecraft:iron_sword":3,"minecraft:oak_planks":28,"minecraft:cooked_porkchop":5,"minecraft:jungle_planks":17,"minecraft:sand":2,"minecraft:blast_furnace":1,"minecraft:white_bed":8,"minecraft:spider_eye":3,"minecraft:light_gray_terracotta":8,"minecraft:stone_axe":3,"minecraft:cherry_sapling":64,"minecraft:bread":5,"minecraft:terracotta":24,"minecraft:melon_seeds":6,"minecraft:dark_oak_fence":4,"minecraft:coal":102},"minecraft:killed":{"minecraft:spider":4,"minecraft:cod":2,"minecraft:skeleton":7,"minecraft:chicken":10,"minecraft:drowned":1,"minecraft:pig":5,"minecraft:creeper":1,"minecraft:sheep":2,"minecraft:zombie":12}},"DataVersion":3953}