{"stats":{"minecraft:mined":{"minecraft:white_bed":4,"minecraft:orange_terracotta":9,"minecraft:crafting_table":2,"minecraft:torch":1,"minecraft:light_gray_terracotta":4,"minecraft:red_sand":3,"minecraft:short_grass":7,"minecraft:jungle_planks":2,"minecraft:jungle_log":6,"minecraft:wall_torch":2,"minecraft:white_terracotta":7,"minecraft:iron_ore":1,"minecraft:yellow_bed":1,"minecraft:coal_ore":55,"minecraft:vine":1,"minecraft:rail":1,"minecraft:sand":1,"minecraft:cobweb":7,"minecraft:terracotta":16,"minecraft:bamboo":9,"minecraft:stone":17,"minecraft:fern":3},"minecraft:killed_by":{"minecraft:cave_spider":1},"minecraft:custom":{"minecraft:mob_kills":11,"minecraft:animals_bred":1,"minecraft:interact_with_crafting_table":6,"minecraft:time_since_death":19808,"minecraft:sleep_in_bed":3,"minecraft:climb_one_cm":293,"minecraft:time_since_rest":19866,"minecraft:sprint_one_cm":235930,"minecraft:damage_taken":827,"minecraft:walk_one_cm":180846,"minecraft:drop":5,"minecraft:damage_dealt":2266,"minecraft:swim_one_cm":2195,"minecraft:fly_one_cm":165069,"minecraft:open_chest":3,"minecraft:crouch_one_cm":1309,"minecraft:play_time":49950,"minecraft:deaths":1,"minecraft:sneak_time":760,"minecraft:walk_under_water_one_cm":361,"minecraft:boat_one_cm":112366,"minecraft:jump":987,"minecraft:interact_with_blast_furnace":1,"minecraft:walk_on_water_one_cm":885,"minecraft:total_world_time":49950,"minecraft:fall_one_cm":29619},"minecraft:used":{"minecraft:red_sand":6,"minecraft:stone_sword":57,"minecraft:stone_pickaxe":107,"minecraft:wooden_pickaxe":5,"minecraft:torch":19,"minecraft:crafting_table":2,"minecraft:jungle_planks":2,"minecraft:white_bed":3,"minecraft:dark_oak_planks":2,"minecraft:chicken":1,"minecraft:bread":4,"minecraft:bamboo":1,"minecraft:stone_axe":6,"minecraft:cobblestone":4,"minecraft:cooked_porkchop":4,"minecraft:yellow_bed":1,"minecraft:egg":1,"minecraft:cooked_beef":3},"minecraft:crafted":{"minecraft:crafting_table":1,"minecraft:jungle_boat":1,"minecraft:wooden_pickaxe":1,"minecraft:stone_axe":1,"minecraft:jungle_planks":24,"minecraft:stick":12,"minecraft:stone_pickaxe":1,"minecraft:stone_sword":1,"minecraft:torch":20},"minecraft:dropped":{"minecraft:bread":9,"minecraft:stone_axe":1,"minecraft:bamboo":6,"minecraft:jungle_boat":1,"minecraft:wooden_pickaxe":1},"minecraft:picked_up":{"minecraft:crafting_table":3,"minecraft:cooked_beef":5,"minecraft:chicken":1,"minecraft:jungle_log":6,"minecraft:chest_minecart":2,"minecraft:wooden_pickaxe":1,"minecraft:yellow_bed":1,"minecraft:string":13,"minecraft:name_tag":1,"minecraft:orange_terracotta":11,"minecraft:bone":10,"minecraft:bow":1,"minecraft:red_sand":12,"minecraft:detector_rail":8,"minecraft:stone_pickaxe":1,"minecraft:poppy":1,"minecraft:bamboo":176,"minecraft:egg":1,"minecraft:raw_iron":1,"minecraft:cooked_porkchop":4,"minecraft:torch":18,"minecraft:sand":1,"minecraft:jungle_planks":13,"minecraft:white_bed":5,"minecraft:spider_eye":1,"minecraft:dark_oak_planks":4,"minecraft:light_gray_terracotta":4,"minecraft:stone_sword":1,"minecraft:arrow":6,"minecraft:rotten_flesh":5,"minecraft:stone_axe":2,"minecraft:armadillo_scute":2,"minecraft:bread":1,"minecraft:white_terracotta":15,"minecraft:terracotta":13,"minecraft:melon_seeds":6,"minecraft:dark_oak_fence":4,"minecraft:coal":58,"minecraft:rail":17,"minecraft:cobblestone":27},"minecraft:killed":{"minecraft:creeper":1,"minecraft:skeleton":4,"minecraft:zombie":4,"minecraft:chicken":1}},"DataVersion":3953}