{"stats":{"minecraft:mined":{"minecraft:white_bed":4,"minecraft:yellow_bed":1,"minecraft:crafting_table":1,"minecraft:short_grass":7,"minecraft:red_sand":1,"minecraft:coal_ore":8,"minecraft:vine":1,"minecraft:jungle_log":6,"minecraft:terracotta":2,"minecraft:bamboo":9,"minecraft:stone":12,"minecraft:fern":3},"minecraft:used":{"minecraft:stone_sword":20,"minecraft:chicken":1,"minecraft:stone_pickaxe":18,"minecraft:wooden_pickaxe":5,"minecraft:stone_axe":1,"minecraft:bamboo":1,"minecraft:crafting_table":1,"minecraft:cooked_porkchop":4,"minecraft:yellow_bed":1,"minecraft:white_bed":3,"minecraft:egg":1},"minecraft:custom":{"minecraft:time_since_rest":9216,"minecraft:sprint_one_cm":113951,"minecraft:damage_taken":330,"minecraft:walk_one_cm":89848,"minecraft:mob_kills":6,"minecraft:animals_bred":1,"minecraft:damage_dealt":1044,"minecraft:swim_one_cm":1692,"minecraft:interact_with_crafting_table":5,"minecraft:fly_one_cm":113814,"minecraft:open_chest":3,"minecraft:crouch_one_cm":320,"minecraft:play_time":25950,"minecraft:sneak_time":51,"minecraft:walk_under_water_one_cm":176,"minecraft:jump":631,"minecraft:walk_on_water_one_cm":162,"minecraft:interact_with_blast_furnace":1,"minecraft:time_since_death":25950,"minecraft:sleep_in_bed":3,"minecraft:climb_one_cm":293,"minecraft:total_world_time":25950,"minecraft:fall_one_cm":19177},"minecraft:crafted":{"minecraft:crafting_table":1,"minecraft:stick":8,"minecraft:wooden_pickaxe":1,"minecraft:stone_pickaxe":1,"minecraft:stone_sword":1,"minecraft:stone_axe":1,"minecraft:jungle_planks":24},"minecraft:picked_up":{"minecraft:crafting_table":1,"minecraft:chicken":1,"minecraft:cooked_porkchop":4,"minecraft:jungle_log":6,"minecraft:white_bed":4,"minecraft:yellow_bed":1,"minecraft:orange_terracotta":1,"minecraft:arrow":2,"minecraft:bone":2,"minecraft:rotten_flesh":2,"minecraft:red_sand":1,"minecraft:terracotta":2,"minecraft:bamboo":106,"minecraft:coal":8,"minecraft:cobblestone":15,"minecraft:egg":1},"minecraft:killed":{"minecraft:skeleton":1,"minecraft:zombie":2,"minecraft:chicken":1,"minecraft:creeper":1}},"DataVersion":3953}