{"stats":{"minecraft:mined":{"minecraft:deepslate_diamond_ore":4,"minecraft:acacia_log":5,"minecraft:grass_block":4,"minecraft:cobblestone":1,"minecraft:iron_ore":8,"minecraft:coal_ore":20,"minecraft:deepslate_iron_ore":3,"minecraft:dirt":3,"minecraft:stone":2},"minecraft:custom":{"minecraft:mob_kills":9,"minecraft:leave_game":1,"minecraft:time_since_death":39537,"minecraft:time_since_rest":39537,"minecraft:sprint_one_cm":86170,"minecraft:damage_taken":653,"minecraft:walk_one_cm":64546,"minecraft:drop":21,"minecraft:damage_dealt":1072,"minecraft:swim_one_cm":3087,"minecraft:fly_one_cm":125223,"minecraft:crouch_one_cm":3239,"minecraft:play_time":39537,"minecraft:sneak_time":710,"minecraft:walk_under_water_one_cm":2059,"minecraft:jump":631,"minecraft:walk_on_water_one_cm":10086,"minecraft:total_world_time":39537,"minecraft:fall_one_cm":17860},"minecraft:used":{"minecraft:cooked_mutton":2,"minecraft:stone_pickaxe":7,"minecraft:rotten_flesh":2,"minecraft:iron_chestplate":1,"minecraft:dirt":7,"minecraft:iron_axe":18,"minecraft:bread":11,"minecraft:iron_pickaxe":34,"minecraft:iron_boots":1,"minecraft:golden_helmet":1,"minecraft:iron_leggings":1},"minecraft:crafted":{"minecraft:acacia_planks":20},"minecraft:dropped":{"minecraft:iron_sword":1,"minecraft:wheat_seeds":14,"minecraft:stone_sword":1,"minecraft:raw_copper":44,"minecraft:chicken":1,"minecraft:feather":2,"minecraft:leather":2,"minecraft:rabbit_hide":3,"minecraft:iron_chestplate":1,"minecraft:armadillo_scute":1,"minecraft:stone_pickaxe":2,"minecraft:wooden_pickaxe":1,"minecraft:iron_pickaxe":1,"minecraft:string":1,"minecraft:cooked_rabbit":1,"minecraft:white_wool":4,"minecraft:acacia_planks":32,"minecraft:bone":8},"minecraft:picked_up":{"minecraft:iron_chestplate":2,"minecraft:feather":2,"minecraft:chicken":1,"minecraft:leather":2,"minecraft:wooden_pickaxe":2,"minecraft:cooked_rabbit":1,"minecraft:tuff":1,"minecraft:dirt":28,"minecraft:string":1,"minecraft:iron_axe":1,"minecraft:raw_copper":44,"minecraft:iron_leggings":1,"minecraft:cooked_mutton":2,"minecraft:bone":8,"minecraft:acacia_planks":53,"minecraft:wheat_seeds":14,"minecraft:cobbled_deepslate":2,"minecraft:rabbit_hide":3,"minecraft:iron_ingot":3,"minecraft:stone_pickaxe":2,"minecraft:iron_pickaxe":2,"minecraft:light_gray_wool":1,"minecraft:iron_sword":2,"minecraft:iron_boots":2,"minecraft:furnace":1,"minecraft:golden_helmet":1,"minecraft:raw_iron":12,"minecraft:torch":4,"minecraft:acacia_log":5,"minecraft:grass_block":1,"minecraft:stone_sword":1,"minecraft:rotten_flesh":7,"minecraft:slime_ball":2,"minecraft:diamond":8,"minecraft:armadillo_scute":1,"minecraft:bread":11,"minecraft:coal":48,"minecraft:white_wool":4,"minecraft:cobblestone":40},"minecraft:killed":{"minecraft:slime":4,"minecraft:skeleton":1,"minecraft:zombie":4}},"DataVersion":3953}