{"stats":{"minecraft:broken":{"minecraft:iron_pickaxe":1},"minecraft:mined":{"minecraft:deepslate_diamond_ore":4,"minecraft:oak_fence":1,"minecraft:torch":1,"minecraft:granite":1,"minecraft:acacia_log":5,"minecraft:grass_block":4,"minecraft:cobblestone":1,"minecraft:oak_planks":2,"minecraft:wall_torch":1,"minecraft:iron_ore":34,"minecraft:andesite":13,"minecraft:pointed_dripstone":4,"minecraft:coal_ore":20,"minecraft:deepslate_iron_ore":3,"minecraft:dripstone_block":1,"minecraft:dirt":4,"minecraft:stone":30,"minecraft:gold_ore":2},"minecraft:custom":{"minecraft:mob_kills":9,"minecraft:leave_game":1,"minecraft:time_since_death":51537,"minecraft:time_since_rest":51537,"minecraft:sprint_one_cm":138736,"minecraft:damage_taken":744,"minecraft:walk_one_cm":116369,"minecraft:drop":21,"minecraft:damage_dealt":1082,"minecraft:swim_one_cm":3087,"minecraft:fly_one_cm":130805,"minecraft:crouch_one_cm":4296,"minecraft:play_time":51537,"minecraft:sneak_time":884,"minecraft:walk_under_water_one_cm":2059,"minecraft:jump":761,"minecraft:walk_on_water_one_cm":11560,"minecraft:total_world_time":51537,"minecraft:fall_one_cm":18329},"minecraft:used":{"minecraft:cooked_mutton":2,"minecraft:stone_pickaxe":7,"minecraft:wooden_pickaxe":17,"minecraft:rotten_flesh":2,"minecraft:iron_chestplate":1,"minecraft:torch":13,"minecraft:dirt":31,"minecraft:dripstone_block":1,"minecraft:tuff":1,"minecraft:granite":2,"minecraft:iron_axe":23,"minecraft:bread":14,"minecraft:iron_pickaxe":93,"minecraft:iron_boots":1,"minecraft:golden_helmet":1,"minecraft:light_gray_wool":1,"minecraft:cobblestone":3,"minecraft:andesite":7,"minecraft:cobbled_deepslate":2,"minecraft:acacia_planks":2,"minecraft:iron_leggings":1},"minecraft:crafted":{"minecraft:stick":12,"minecraft:acacia_planks":20,"minecraft:torch":48},"minecraft:dropped":{"minecraft:iron_sword":1,"minecraft:wheat_seeds":14,"minecraft:stone_sword":1,"minecraft:raw_copper":44,"minecraft:chicken":1,"minecraft:feather":2,"minecraft:leather":2,"minecraft:rabbit_hide":3,"minecraft:iron_chestplate":1,"minecraft:armadillo_scute":1,"minecraft:stone_pickaxe":2,"minecraft:wooden_pickaxe":1,"minecraft:iron_pickaxe":1,"minecraft:string":1,"minecraft:cooked_rabbit":1,"minecraft:white_wool":4,"minecraft:acacia_planks":32,"minecraft:bone":8},"minecraft:picked_up":{"minecraft:iron_chestplate":2,"minecraft:feather":2,"minecraft:chicken":1,"minecraft:andesite":13,"minecraft:leather":2,"minecraft:wooden_pickaxe":2,"minecraft:cooked_rabbit":1,"minecraft:tuff":1,"minecraft:dirt":31,"minecraft:string":1,"minecraft:iron_axe":1,"minecraft:raw_copper":44,"minecraft:iron_leggings":1,"minecraft:cooked_mutton":2,"minecraft:bone":8,"minecraft:acacia_planks":53,"minecraft:wheat_seeds":14,"minecraft:cobbled_deepslate":2,"minecraft:raw_gold":2,"minecraft:rabbit_hide":3,"minecraft:iron_ingot":3,"minecraft:stone_pickaxe":2,"minecraft:iron_pickaxe":2,"minecraft:light_gray_wool":1,"minecraft:oak_planks":1,"minecraft:iron_sword":2,"minecraft:iron_boots":2,"minecraft:furnace":1,"minecraft:golden_helmet":1,"minecraft:raw_iron":38,"minecraft:oak_fence":3,"minecraft:torch":6,"minecraft:acacia_log":5,"minecraft:dripstone_block":1,"minecraft:pointed_dripstone":4,"minecraft:grass_block":1,"minecraft:stone_sword":1,"minecraft:rotten_flesh":7,"minecraft:slime_ball":2,"minecraft:diamond":8,"minecraft:granite":2,"minecraft:armadillo_scute":1,"minecraft:bread":11,"minecraft:rail":6,"minecraft:coal":48,"minecraft:white_wool":4,"minecraft:cobblestone":69},"minecraft:killed":{"minecraft:slime":4,"minecraft:skeleton":1,"minecraft:zombie":4}},"DataVersion":3953}