{"stats":{"minecraft:broken":{"minecraft:iron_pickaxe":1},"minecraft:mined":{"minecraft:deepslate_diamond_ore":4,"minecraft:oak_fence":1,"minecraft:torch":2,"minecraft:granite":1,"minecraft:acacia_log":5,"minecraft:grass_block":5,"minecraft:cobblestone":1,"minecraft:cyan_bed":1,"minecraft:oak_planks":2,"minecraft:wall_torch":2,"minecraft:iron_ore":34,"minecraft:andesite":13,"minecraft:pointed_dripstone":4,"minecraft:coal_ore":20,"minecraft:deepslate_iron_ore":3,"minecraft:dripstone_block":1,"minecraft:dirt":7,"minecraft:stone":36,"minecraft:gold_ore":2,"minecraft:oak_leaves":1},"minecraft:custom":{"minecraft:interact_with_furnace":16,"minecraft:mob_kills":15,"minecraft:interact_with_crafting_table":1,"minecraft:sleep_in_bed":1,"minecraft:leave_game":2,"minecraft:time_since_death":61359,"minecraft:climb_one_cm":731,"minecraft:time_since_rest":3321,"minecraft:sprint_one_cm":152206,"minecraft:damage_taken":969,"minecraft:walk_one_cm":124298,"minecraft:drop":25,"minecraft:damage_dealt":1642,"minecraft:swim_one_cm":3673,"minecraft:fly_one_cm":152713,"minecraft:crouch_one_cm":4419,"minecraft:play_time":61359,"minecraft:sneak_time":916,"minecraft:walk_under_water_one_cm":2515,"minecraft:jump":913,"minecraft:walk_on_water_one_cm":12195,"minecraft:total_world_time":61359,"minecraft:fall_one_cm":21831},"minecraft:used":{"minecraft:cooked_mutton":2,"minecraft:stone_pickaxe":7,"minecraft:wooden_pickaxe":27,"minecraft:rotten_flesh":2,"minecraft:iron_chestplate":1,"minecraft:torch":17,"minecraft:dirt":35,"minecraft:crafting_table":1,"minecraft:dripstone_block":1,"minecraft:tuff":1,"minecraft:granite":2,"minecraft:cyan_bed":1,"minecraft:iron_axe":35,"minecraft:bread":14,"minecraft:iron_pickaxe":93,"minecraft:iron_boots":1,"minecraft:golden_helmet":1,"minecraft:light_gray_wool":1,"minecraft:cobblestone":13,"minecraft:cooked_porkchop":1,"minecraft:furnace":2,"minecraft:andesite":7,"minecraft:cobbled_deepslate":2,"minecraft:acacia_planks":2,"minecraft:iron_leggings":1},"minecraft:crafted":{"minecraft:cooked_porkchop":10,"minecraft:crafting_table":1,"minecraft:furnace":1,"minecraft:cooked_mutton":2,"minecraft:air":0,"minecraft:stick":12,"minecraft:iron_ingot":38,"minecraft:acacia_planks":20,"minecraft:torch":48},"minecraft:dropped":{"minecraft:iron_sword":1,"minecraft:wheat_seeds":14,"minecraft:stone_sword":1,"minecraft:raw_copper":44,"minecraft:pointed_dripstone":4,"minecraft:chicken":1,"minecraft:feather":2,"minecraft:leather":2,"minecraft:grass_block":1,"minecraft:rabbit_hide":3,"minecraft:iron_chestplate":1,"minecraft:andesite":6,"minecraft:armadillo_scute":1,"minecraft:stone_pickaxe":2,"minecraft:wooden_pickaxe":1,"minecraft:iron_pickaxe":1,"minecraft:string":1,"minecraft:cooked_rabbit":1,"minecraft:white_wool":5,"minecraft:acacia_planks":32,"minecraft:bone":8},"minecraft:picked_up":{"minecraft:iron_chestplate":2,"minecraft:feather":2,"minecraft:chicken":1,"minecraft:andesite":13,"minecraft:leather":2,"minecraft:wooden_pickaxe":2,"minecraft:cooked_rabbit":1,"minecraft:tuff":1,"minecraft:dirt":35,"minecraft:string":1,"minecraft:iron_axe":1,"minecraft:raw_copper":44,"minecraft:iron_leggings":1,"minecraft:cooked_mutton":2,"minecraft:bone":8,"minecraft:acacia_planks":53,"minecraft:wheat_seeds":14,"minecraft:cobbled_deepslate":2,"minecraft:raw_gold":2,"minecraft:rabbit_hide":3,"minecraft:iron_ingot":3,"minecraft:stone_pickaxe":2,"minecraft:iron_pickaxe":2,"minecraft:light_gray_wool":1,"minecraft:oak_planks":1,"minecraft:iron_sword":2,"minecraft:iron_boots":2,"minecraft:furnace":1,"minecraft:golden_helmet":1,"minecraft:raw_iron":38,"minecraft:oak_fence":3,"minecraft:torch":8,"minecraft:acacia_log":5,"minecraft:dripstone_block":1,"minecraft:porkchop":10,"minecraft:pointed_dripstone":4,"minecraft:cyan_bed":1,"minecraft:grass_block":1,"minecraft:stone_sword":1,"minecraft:rotten_flesh":7,"minecraft:slime_ball":2,"minecraft:diamond":8,"minecraft:granite":2,"minecraft:armadillo_scute":1,"minecraft:bread":11,"minecraft:mutton":4,"minecraft:rail":6,"minecraft:coal":48,"minecraft:white_wool":6,"minecraft:cobblestone":75},"minecraft:killed":{"minecraft:pig":4,"minecraft:slime":4,"minecraft:sheep":2,"minecraft:skeleton":1,"minecraft:zombie":4}},"DataVersion":3953}