{"stats":{"minecraft:mined":{"minecraft:acacia_log":5,"minecraft:grass_block":4,"minecraft:deepslate_iron_ore":3,"minecraft:dirt":3,"minecraft:cobblestone":1},"minecraft:used":{"minecraft:iron_axe":10,"minecraft:bread":5,"minecraft:stone_pickaxe":7,"minecraft:iron_boots":1,"minecraft:rotten_flesh":2,"minecraft:golden_helmet":1,"minecraft:iron_chestplate":1,"minecraft:dirt":3,"minecraft:iron_leggings":1},"minecraft:custom":{"minecraft:time_since_rest":27537,"minecraft:sprint_one_cm":37307,"minecraft:damage_taken":428,"minecraft:walk_one_cm":29804,"minecraft:mob_kills":6,"minecraft:damage_dealt":546,"minecraft:swim_one_cm":1059,"minecraft:fly_one_cm":71684,"minecraft:crouch_one_cm":1387,"minecraft:play_time":27537,"minecraft:sneak_time":304,"minecraft:walk_under_water_one_cm":443,"minecraft:jump":327,"minecraft:leave_game":1,"minecraft:time_since_death":27537,"minecraft:walk_on_water_one_cm":2134,"minecraft:total_world_time":27537,"minecraft:fall_one_cm":9866},"minecraft:crafted":{"minecraft:acacia_planks":20},"minecraft:picked_up":{"minecraft:golden_helmet":1,"minecraft:raw_iron":3,"minecraft:iron_chestplate":1,"minecraft:wooden_pickaxe":1,"minecraft:acacia_log":5,"minecraft:tuff":1,"minecraft:dirt":10,"minecraft:iron_axe":1,"minecraft:iron_leggings":1,"minecraft:cooked_mutton":2,"minecraft:slime_ball":2,"minecraft:rotten_flesh":3,"minecraft:stone_pickaxe":2,"minecraft:bread":5,"minecraft:iron_pickaxe":1,"minecraft:iron_sword":1,"minecraft:iron_boots":1,"minecraft:cobblestone":1},"minecraft:killed":{"minecraft:skeleton":1,"minecraft:zombie":1,"minecraft:slime":4}},"DataVersion":3953}