{"stats":{"minecraft:mined":{"minecraft:grass_block":2,"minecraft:dirt":2},"minecraft:used":{"minecraft:golden_helmet":1,"minecraft:iron_chestplate":1,"minecraft:dirt":3,"minecraft:iron_boots":1,"minecraft:iron_leggings":1},"minecraft:custom":{"minecraft:jump":15,"minecraft:time_since_rest":18796,"minecraft:sprint_one_cm":4708,"minecraft:play_time":18796,"minecraft:damage_taken":35,"minecraft:time_since_death":18796,"minecraft:walk_one_cm":3906,"minecraft:total_world_time":18796,"minecraft:fly_one_cm":3503,"minecraft:leave_game":1},"minecraft:picked_up":{"minecraft:golden_helmet":1,"minecraft:stone_pickaxe":1,"minecraft:iron_chestplate":1,"minecraft:iron_leggings":1,"minecraft:wooden_pickaxe":1,"minecraft:dirt":7,"minecraft:iron_boots":1}},"DataVersion":3953}