{"stats":{"minecraft:mined":{"minecraft:grass_block":2,"minecraft:dirt":2},"minecraft:used":{"minecraft:dirt":2},"minecraft:custom":{"minecraft:jump":15,"minecraft:time_since_rest":6561,"minecraft:sprint_one_cm":4708,"minecraft:play_time":6561,"minecraft:damage_taken":35,"minecraft:time_since_death":6561,"minecraft:walk_one_cm":3906,"minecraft:total_world_time":6561,"minecraft:fly_one_cm":3503},"minecraft:picked_up":{"minecraft:stone_pickaxe":1,"minecraft:wooden_pickaxe":1,"minecraft:dirt":6}},"DataVersion":3953}