{"stats":{"minecraft:broken":{"minecraft:iron_pickaxe":1},"minecraft:mined":{"minecraft:deepslate_diamond_ore":4,"minecraft:oak_fence":1,"minecraft:torch":2,"minecraft:granite":1,"minecraft:short_grass":4,"minecraft:acacia_log":5,"minecraft:grass_block":6,"minecraft:cobblestone":1,"minecraft:cyan_bed":1,"minecraft:oak_planks":2,"minecraft:wall_torch":2,"minecraft:iron_ore":34,"minecraft:andesite":13,"minecraft:pointed_dripstone":4,"minecraft:coal_ore":20,"minecraft:deepslate_iron_ore":3,"minecraft:dripstone_block":1,"minecraft:dirt":7,"minecraft:stone":36,"minecraft:gold_ore":2,"minecraft:fern":3,"minecraft:oak_leaves":1},"minecraft:custom":{"minecraft:interact_with_furnace":16,"minecraft:mob_kills":36,"minecraft:interact_with_crafting_table":2,"minecraft:leave_game":2,"minecraft:time_since_death":73172,"minecraft:sleep_in_bed":1,"minecraft:climb_one_cm":1307,"minecraft:time_since_rest":15134,"minecraft:sprint_one_cm":216708,"minecraft:damage_taken":1019,"minecraft:walk_one_cm":148203,"minecraft:drop":25,"minecraft:damage_dealt":3022,"minecraft:swim_one_cm":10711,"minecraft:fly_one_cm":236371,"minecraft:open_chest":1,"minecraft:crouch_one_cm":4419,"minecraft:play_time":73172,"minecraft:sneak_time":937,"minecraft:walk_under_water_one_cm":6155,"minecraft:boat_one_cm":64599,"minecraft:jump":1256,"minecraft:walk_on_water_one_cm":15977,"minecraft:total_world_time":73172,"minecraft:fall_one_cm":30231},"minecraft:used":{"minecraft:cooked_mutton":4,"minecraft:stone_pickaxe":7,"minecraft:wooden_pickaxe":27,"minecraft:rotten_flesh":2,"minecraft:iron_chestplate":1,"minecraft:torch":18,"minecraft:dirt":35,"minecraft:crafting_table":2,"minecraft:tuff":1,"minecraft:dripstone_block":1,"minecraft:granite":2,"minecraft:iron_axe":74,"minecraft:bread":14,"minecraft:cyan_bed":1,"minecraft:iron_pickaxe":93,"minecraft:iron_boots":1,"minecraft:golden_helmet":1,"minecraft:light_gray_wool":1,"minecraft:cobblestone":13,"minecraft:furnace":2,"minecraft:cooked_porkchop":4,"minecraft:andesite":7,"minecraft:oak_boat":1,"minecraft:cobbled_deepslate":2,"minecraft:acacia_planks":2,"minecraft:iron_leggings":1},"minecraft:crafted":{"minecraft:oak_planks":12,"minecraft:cooked_porkchop":10,"minecraft:crafting_table":2,"minecraft:furnace":1,"minecraft:cooked_mutton":2,"minecraft:air":0,"minecraft:oak_boat":1,"minecraft:stick":12,"minecraft:iron_ingot":38,"minecraft:acacia_planks":20,"minecraft:torch":48},"minecraft:dropped":{"minecraft:iron_sword":1,"minecraft:wheat_seeds":14,"minecraft:stone_sword":1,"minecraft:raw_copper":44,"minecraft:pointed_dripstone":4,"minecraft:feather":2,"minecraft:chicken":1,"minecraft:leather":2,"minecraft:grass_block":1,"minecraft:rabbit_hide":3,"minecraft:iron_chestplate":1,"minecraft:andesite":6,"minecraft:armadillo_scute":1,"minecraft:wooden_pickaxe":1,"minecraft:stone_pickaxe":2,"minecraft:iron_pickaxe":1,"minecraft:string":1,"minecraft:cooked_rabbit":1,"minecraft:white_wool":5,"minecraft:acacia_planks":32,"minecraft:bone":8},"minecraft:picked_up":{"minecraft:iron_chestplate":2,"minecraft:feather":14,"minecraft:chicken":12,"minecraft:andesite":13,"minecraft:brown_wool":1,"minecraft:leather":11,"minecraft:wooden_pickaxe":2,"minecraft:cooked_rabbit":1,"minecraft:tuff":1,"minecraft:oak_log":3,"minecraft:string":1,"minecraft:dirt":36,"minecraft:raw_copper":44,"minecraft:iron_axe":1,"minecraft:iron_leggings":1,"minecraft:cooked_mutton":2,"minecraft:bone":8,"minecraft:acacia_planks":53,"minecraft:wheat_seeds":14,"minecraft:cobbled_deepslate":2,"minecraft:raw_gold":2,"minecraft:spruce_planks":2,"minecraft:rabbit_hide":3,"minecraft:beef":10,"minecraft:iron_ingot":3,"minecraft:stone_pickaxe":2,"minecraft:oak_boat":1,"minecraft:iron_pickaxe":2,"minecraft:light_gray_wool":1,"minecraft:iron_sword":2,"minecraft:oak_planks":1,"minecraft:egg":6,"minecraft:iron_boots":2,"minecraft:furnace":1,"minecraft:golden_helmet":1,"minecraft:raw_iron":38,"minecraft:oak_fence":3,"minecraft:torch":8,"minecraft:acacia_log":5,"minecraft:spruce_stairs":1,"minecraft:dripstone_block":1,"minecraft:jungle_planks":2,"minecraft:porkchop":10,"minecraft:pointed_dripstone":4,"minecraft:grass_block":1,"minecraft:cyan_bed":1,"minecraft:stone_sword":1,"minecraft:rotten_flesh":7,"minecraft:slime_ball":2,"minecraft:diamond":8,"minecraft:granite":2,"minecraft:armadillo_scute":1,"minecraft:bread":11,"minecraft:mutton":7,"minecraft:coal":48,"minecraft:rail":6,"minecraft:white_wool":8,"minecraft:cobblestone":75},"minecraft:killed":{"minecraft:pig":4,"minecraft:slime":4,"minecraft:skeleton":1,"minecraft:sheep":5,"minecraft:zombie":4,"minecraft:chicken":11,"minecraft:cow":7}},"DataVersion":3953}