{"stats":{"minecraft:mined":{"minecraft:hay_block":5,"minecraft:crafting_table":1,"minecraft:short_grass":4,"minecraft:grass_block":1,"minecraft:oak_log":5,"minecraft:gravel":1,"minecraft:dirt":5,"minecraft:stone":15,"minecraft:fern":1},"minecraft:used":{"minecraft:black_wool":1,"minecraft:stone_sword":16,"minecraft:stone_pickaxe":8,"minecraft:wooden_pickaxe":9,"minecraft:stone_axe":6,"minecraft:dirt":6,"minecraft:mutton":6},"minecraft:custom":{"minecraft:time_since_rest":5655,"minecraft:sprint_one_cm":28345,"minecraft:damage_taken":50,"minecraft:walk_one_cm":7460,"minecraft:mob_kills":6,"minecraft:damage_dealt":480,"minecraft:swim_one_cm":1761,"minecraft:interact_with_crafting_table":2,"minecraft:fly_one_cm":59098,"minecraft:crouch_one_cm":274,"minecraft:play_time":5655,"minecraft:sneak_time":72,"minecraft:walk_under_water_one_cm":39,"minecraft:jump":226,"minecraft:time_since_death":5655,"minecraft:walk_on_water_one_cm":345,"minecraft:total_world_time":5655,"minecraft:climb_one_cm":551,"minecraft:fall_one_cm":8358},"minecraft:crafted":{"minecraft:oak_planks":20,"minecraft:crafting_table":1,"minecraft:stick":12,"minecraft:wooden_pickaxe":1,"minecraft:stone_pickaxe":1,"minecraft:stone_sword":1,"minecraft:stone_axe":1,"minecraft:wheat":45},"minecraft:picked_up":{"minecraft:crafting_table":1,"minecraft:gravel":1,"minecraft:oak_log":5,"minecraft:dirt":6,"minecraft:wheat_seeds":1,"minecraft:hay_block":5,"minecraft:black_wool":1,"minecraft:mutton":8,"minecraft:cobblestone":15,"minecraft:white_wool":5},"minecraft:killed":{"minecraft:sheep":6}},"DataVersion":3953}