{"stats":{"minecraft:mined":{"minecraft:deepslate_redstone_ore":1,"minecraft:tuff":1,"minecraft:deepslate_diamond_ore":17,"minecraft:crafting_table":6,"minecraft:short_grass":10,"minecraft:grass_block":1,"minecraft:melon":4,"minecraft:deepslate_gold_ore":17,"minecraft:diorite":4,"minecraft:hay_block":5,"minecraft:furnace":3,"minecraft:iron_ore":14,"minecraft:deepslate_lapis_ore":1,"minecraft:oak_log":5,"minecraft:coal_ore":17,"minecraft:deepslate_iron_ore":17,"minecraft:gravel":1,"minecraft:dirt":5,"minecraft:stone":30,"minecraft:deepslate":33,"minecraft:fern":2},"minecraft:used":{"minecraft:water_bucket":28,"minecraft:diorite":4,"minecraft:stone_sword":67,"minecraft:redstone":1,"minecraft:stone_pickaxe":25,"minecraft:wooden_pickaxe":9,"minecraft:shield":31,"minecraft:torch":12,"minecraft:dirt":6,"minecraft:mutton":11,"minecraft:crafting_table":5,"minecraft:tuff":1,"minecraft:black_wool":1,"minecraft:lava_bucket":1,"minecraft:melon_slice":18,"minecraft:bread":9,"minecraft:iron_pickaxe":123,"minecraft:gravel":1,"minecraft:stone_axe":19,"minecraft:cobblestone":14,"minecraft:furnace":3,"minecraft:bucket":30,"minecraft:cobbled_deepslate":21},"minecraft:custom":{"minecraft:interact_with_furnace":25,"minecraft:mob_kills":19,"minecraft:interact_with_crafting_table":17,"minecraft:time_since_death":35655,"minecraft:climb_one_cm":592,"minecraft:time_since_rest":35655,"minecraft:sprint_one_cm":134834,"minecraft:damage_taken":753,"minecraft:walk_one_cm":45392,"minecraft:damage_blocked_by_shield":848,"minecraft:drop":4,"minecraft:damage_dealt":2576,"minecraft:swim_one_cm":10549,"minecraft:fly_one_cm":171812,"minecraft:crouch_one_cm":9675,"minecraft:play_time":35655,"minecraft:sneak_time":3756,"minecraft:walk_under_water_one_cm":10497,"minecraft:jump":950,"minecraft:walk_on_water_one_cm":15668,"minecraft:total_world_time":35655,"minecraft:fall_one_cm":31129},"minecraft:dropped":{"minecraft:wheat_seeds":2,"minecraft:rotten_flesh":3,"minecraft:melon_slice":1},"minecraft:crafted":{"minecraft:oak_planks":20,"minecraft:crafting_table":1,"minecraft:wooden_pickaxe":1,"minecraft:iron_helmet":1,"minecraft:furnace":1,"minecraft:bucket":1,"minecraft:stone_axe":1,"minecraft:bread":15,"minecraft:air":0,"minecraft:diamond_helmet":1,"minecraft:diamond_leggings":1,"minecraft:iron_chestplate":1,"minecraft:iron_boots":1,"minecraft:shield":1,"minecraft:stick":12,"minecraft:iron_ingot":30,"minecraft:iron_pickaxe":1,"minecraft:stone_pickaxe":1,"minecraft:stone_sword":1,"minecraft:diamond_boots":1,"minecraft:torch":12,"minecraft:wheat":45},"minecraft:picked_up":{"minecraft:crafting_table":6,"minecraft:tuff":1,"minecraft:oak_log":5,"minecraft:lapis_lazuli":6,"minecraft:dirt":6,"minecraft:bone":7,"minecraft:wheat_seeds":2,"minecraft:cobbled_deepslate":45,"minecraft:raw_gold":17,"minecraft:melon_slice":21,"minecraft:furnace":3,"minecraft:raw_iron":31,"minecraft:gravel":1,"minecraft:diorite":4,"minecraft:redstone":5,"minecraft:arrow":6,"minecraft:rotten_flesh":6,"minecraft:diamond":17,"minecraft:hay_block":5,"minecraft:black_wool":1,"minecraft:mutton":11,"minecraft:coal":38,"minecraft:white_wool":7,"minecraft:cobblestone":30},"minecraft:killed":{"minecraft:sheep":8,"minecraft:skeleton":5,"minecraft:zombie":5}},"DataVersion":3953}