{"stats":{"minecraft:broken":{"minecraft:stone_sword":1,"minecraft:iron_sword":1,"minecraft:iron_pickaxe":1},"minecraft:mined":{"minecraft:tuff":2,"minecraft:spruce_planks":13,"minecraft:deepslate_diamond_ore":74,"minecraft:jungle_slab":3,"minecraft:dark_oak_log":1,"minecraft:spruce_trapdoor":1,"minecraft:granite":9,"minecraft:grass_block":12,"minecraft:jungle_planks":5,"minecraft:spruce_leaves":6,"minecraft:sandstone":1,"minecraft:spawner":1,"minecraft:large_fern":1,"minecraft:hay_block":5,"minecraft:furnace":4,"minecraft:fire":1,"minecraft:iron_ore":35,"minecraft:cobbled_deepslate":7,"minecraft:andesite":9,"minecraft:pumpkin":1,"minecraft:deepslate_lapis_ore":1,"minecraft:enchanting_table":1,"minecraft:potatoes":4,"minecraft:rail":1,"minecraft:deepslate_iron_ore":17,"minecraft:small_amethyst_bud":1,"minecraft:stone":141,"minecraft:deepslate_redstone_ore":1,"minecraft:glass_pane":1,"minecraft:medium_amethyst_bud":1,"minecraft:crafting_table":12,"minecraft:torch":3,"minecraft:short_grass":29,"minecraft:melon":4,"minecraft:chest":1,"minecraft:campfire":1,"minecraft:tall_grass":5,"minecraft:cobblestone":1,"minecraft:cyan_bed":1,"minecraft:deepslate_gold_ore":24,"minecraft:sugar_cane":23,"minecraft:diorite":4,"minecraft:wall_torch":1,"minecraft:spruce_stairs":5,"minecraft:purple_bed":1,"minecraft:birch_log":4,"minecraft:wheat":16,"minecraft:spruce_log":10,"minecraft:oak_log":5,"minecraft:coal_ore":39,"minecraft:gravel":6,"minecraft:sand":2,"minecraft:dirt":38,"minecraft:cobweb":8,"minecraft:gold_ore":9,"minecraft:oak_leaves":2,"minecraft:deepslate":97,"minecraft:fern":4},"minecraft:custom":{"minecraft:mob_kills":114,"minecraft:interact_with_crafting_table":33,"minecraft:leave_game":2,"minecraft:time_since_death":190585,"minecraft:climb_one_cm":1019,"minecraft:sprint_one_cm":899719,"minecraft:walk_one_cm":213558,"minecraft:damage_blocked_by_shield":1668,"minecraft:drop":50,"minecraft:talked_to_villager":4,"minecraft:play_time":190585,"minecraft:sneak_time":10716,"minecraft:walk_under_water_one_cm":51224,"minecraft:boat_one_cm":304386,"minecraft:jump":5465,"minecraft:walk_on_water_one_cm":59377,"minecraft:enchant_item":4,"minecraft:total_world_time":190585,"minecraft:interact_with_furnace":51,"minecraft:sleep_in_bed":4,"minecraft:time_since_rest":3098,"minecraft:damage_taken":2980,"minecraft:damage_dealt":16521,"minecraft:swim_one_cm":84212,"minecraft:fly_one_cm":1170568,"minecraft:open_chest":49,"minecraft:crouch_one_cm":27153,"minecraft:fall_one_cm":147746},"minecraft:used":{"minecraft:stone_sword":144,"minecraft:redstone":1,"minecraft:chest":8,"minecraft:spruce_planks":23,"minecraft:shield":55,"minecraft:iron_sword":243,"minecraft:torch":115,"minecraft:dirt":35,"minecraft:mutton":35,"minecraft:tuff":2,"minecraft:granite":9,"minecraft:spruce_boat":3,"minecraft:lava_bucket":1,"minecraft:beef":14,"minecraft:sweet_berries":13,"minecraft:furnace":6,"minecraft:potato":20,"minecraft:cooked_beef":2,"minecraft:cobbled_deepslate":110,"minecraft:cooked_mutton":3,"minecraft:water_bucket":99,"minecraft:diorite":4,"minecraft:stone_pickaxe":25,"minecraft:baked_potato":6,"minecraft:wooden_pickaxe":9,"minecraft:jungle_boat":2,"minecraft:white_wool":16,"minecraft:glow_berries":10,"minecraft:golden_hoe":4,"minecraft:crafting_table":12,"minecraft:spruce_log":1,"minecraft:black_wool":1,"minecraft:melon_slice":45,"minecraft:cyan_bed":1,"minecraft:bread":35,"minecraft:iron_pickaxe":460,"minecraft:gravel":2,"minecraft:stone_axe":94,"minecraft:cobblestone":39,"minecraft:cooked_porkchop":3,"minecraft:porkchop":5,"minecraft:andesite":4,"minecraft:bucket":101},"minecraft:crafted":{"minecraft:oak_planks":20,"minecraft:furnace":2,"minecraft:cooked_mutton":2,"minecraft:diamond_helmet":1,"minecraft:diamond_leggings":1,"minecraft:iron_boots":1,"minecraft:stone_pickaxe":1,"minecraft:chest":9,"minecraft:diamond_boots":1,"minecraft:spruce_boat":1,"minecraft:wheat":45,"minecraft:cooked_beef":4,"minecraft:crafting_table":2,"minecraft:spruce_planks":36,"minecraft:jungle_boat":1,"minecraft:wooden_pickaxe":1,"minecraft:baked_potato":6,"minecraft:iron_helmet":1,"minecraft:iron_sword":1,"minecraft:bucket":1,"minecraft:birch_planks":16,"minecraft:stone_axe":1,"minecraft:bread":20,"minecraft:air":0,"minecraft:iron_chestplate":1,"minecraft:shield":1,"minecraft:stick":24,"minecraft:iron_ingot":49,"minecraft:iron_pickaxe":1,"minecraft:stone_sword":1,"minecraft:gold_ingot":3,"minecraft:torch":72,"minecraft:diamond_chestplate":1},"minecraft:dropped":{"minecraft:bread":1,"minecraft:wheat_seeds":2,"minecraft:clock":1,"minecraft:diamond":10,"minecraft:iron_helmet":1,"minecraft:cobblestone":1,"minecraft:glow_berries":7,"minecraft:black_bed":1,"minecraft:leather":10,"minecraft:jungle_slab":3,"minecraft:torch":4,"minecraft:melon_slice":27,"minecraft:cooked_salmon":1,"minecraft:iron_pickaxe":4,"minecraft:string":1,"minecraft:cobbled_deepslate":1,"minecraft:rotten_flesh":8,"minecraft:oak_planks":1,"minecraft:iron_boots":1,"minecraft:filled_map":1,"minecraft:gunpowder":1,"minecraft:iron_chestplate":2,"minecraft:andesite":5,"minecraft:melon_seeds":1,"minecraft:arrow":7,"minecraft:raw_gold":15},"minecraft:picked_up":{"minecraft:iron_chestplate":1,"minecraft:charcoal":2,"minecraft:crafting_table":12,"minecraft:wheat":16,"minecraft:string":56,"minecraft:cooked_salmon":1,"minecraft:cobbled_deepslate":287,"minecraft:spruce_planks":6,"minecraft:beef":15,"minecraft:iron_pickaxe":4,"minecraft:melon_slice":72,"minecraft:sugar_cane":54,"minecraft:chest":1,"minecraft:furnace":4,"minecraft:raw_iron":52,"minecraft:sandstone":1,"minecraft:torch":5,"minecraft:spruce_stairs":3,"minecraft:porkchop":7,"minecraft:diorite":4,"minecraft:redstone":49,"minecraft:arrow":18,"minecraft:rotten_flesh":31,"minecraft:hay_block":5,"minecraft:mutton":38,"minecraft:rail":1,"minecraft:cobblestone":74,"minecraft:white_wool":23,"minecraft:birch_log":4,"minecraft:jungle_boat":1,"minecraft:clock":1,"minecraft:andesite":14,"minecraft:leather":11,"minecraft:potato":13,"minecraft:filled_map":1,"minecraft:tuff":2,"minecraft:oak_log":5,"minecraft:gunpowder":2,"minecraft:dirt":45,"minecraft:lapis_lazuli":44,"minecraft:cooked_mutton":1,"minecraft:bone":24,"minecraft:bow":1,"minecraft:wheat_seeds":49,"minecraft:raw_gold":42,"minecraft:iron_ingot":5,"minecraft:fletching_table":1,"minecraft:cooked_porkchop":3,"minecraft:sweet_berries":13,"minecraft:gravel":10,"minecraft:jungle_planks":66,"minecraft:spruce_log":10,"minecraft:cyan_bed":1,"minecraft:spider_eye":2,"minecraft:jungle_slab":3,"minecraft:pumpkin_seeds":3,"minecraft:diamond":83,"minecraft:spruce_boat":3,"minecraft:granite":10,"minecraft:spruce_sign":1,"minecraft:emerald":64,"minecraft:bread":1,"minecraft:melon_seeds":1,"minecraft:black_wool":3,"minecraft:coal":62},"minecraft:killed":{"minecraft:cave_spider":3,"minecraft:spider":5,"minecraft:skeleton":20,"minecraft:pig":3,"minecraft:zombie_villager":2,"minecraft:creeper":2,"minecraft:sheep":26,"minecraft:zombie":39,"minecraft:cow":8}},"DataVersion":3953}