{"stats":{"minecraft:mined":{"minecraft:deepslate_redstone_ore":1,"minecraft:tuff":1,"minecraft:deepslate_diamond_ore":17,"minecraft:crafting_table":8,"minecraft:granite":8,"minecraft:short_grass":14,"minecraft:grass_block":2,"minecraft:melon":4,"minecraft:tall_grass":1,"minecraft:cyan_bed":1,"minecraft:deepslate_gold_ore":17,"minecraft:diorite":4,"minecraft:wall_torch":1,"minecraft:hay_block":5,"minecraft:furnace":3,"minecraft:birch_log":4,"minecraft:iron_ore":23,"minecraft:andesite":8,"minecraft:deepslate_lapis_ore":1,"minecraft:oak_log":5,"minecraft:coal_ore":22,"minecraft:deepslate_iron_ore":17,"minecraft:gravel":1,"minecraft:dirt":8,"minecraft:stone":48,"minecraft:gold_ore":9,"minecraft:deepslate":33,"minecraft:fern":2},"minecraft:used":{"minecraft:water_bucket":30,"minecraft:diorite":4,"minecraft:stone_sword":114,"minecraft:stone_pickaxe":25,"minecraft:redstone":1,"minecraft:wooden_pickaxe":9,"minecraft:shield":31,"minecraft:torch":24,"minecraft:dirt":9,"minecraft:mutton":23,"minecraft:crafting_table":7,"minecraft:tuff":1,"minecraft:granite":8,"minecraft:black_wool":1,"minecraft:lava_bucket":1,"minecraft:cyan_bed":1,"minecraft:bread":9,"minecraft:melon_slice":20,"minecraft:iron_pickaxe":185,"minecraft:gravel":1,"minecraft:stone_axe":25,"minecraft:cobblestone":25,"minecraft:furnace":3,"minecraft:bucket":32,"minecraft:cobbled_deepslate":45},"minecraft:custom":{"minecraft:interact_with_furnace":25,"minecraft:mob_kills":36,"minecraft:interact_with_crafting_table":19,"minecraft:leave_game":1,"minecraft:time_since_death":47144,"minecraft:sleep_in_bed":1,"minecraft:climb_one_cm":592,"minecraft:time_since_rest":9216,"minecraft:sprint_one_cm":185000,"minecraft:damage_taken":821,"minecraft:walk_one_cm":59379,"minecraft:damage_blocked_by_shield":848,"minecraft:drop":4,"minecraft:damage_dealt":4216,"minecraft:swim_one_cm":13320,"minecraft:fly_one_cm":253210,"minecraft:crouch_one_cm":11103,"minecraft:play_time":47144,"minecraft:sneak_time":4515,"minecraft:walk_under_water_one_cm":16274,"minecraft:jump":1386,"minecraft:walk_on_water_one_cm":21589,"minecraft:total_world_time":47144,"minecraft:fall_one_cm":40993},"minecraft:dropped":{"minecraft:wheat_seeds":2,"minecraft:rotten_flesh":3,"minecraft:melon_slice":1},"minecraft:crafted":{"minecraft:oak_planks":20,"minecraft:crafting_table":1,"minecraft:wooden_pickaxe":1,"minecraft:iron_helmet":1,"minecraft:furnace":1,"minecraft:bucket":1,"minecraft:birch_planks":16,"minecraft:stone_axe":1,"minecraft:bread":15,"minecraft:air":0,"minecraft:diamond_helmet":1,"minecraft:diamond_leggings":1,"minecraft:iron_boots":1,"minecraft:iron_chestplate":1,"minecraft:shield":1,"minecraft:stick":24,"minecraft:iron_ingot":30,"minecraft:iron_pickaxe":1,"minecraft:stone_pickaxe":1,"minecraft:stone_sword":1,"minecraft:diamond_boots":1,"minecraft:torch":36,"minecraft:wheat":45},"minecraft:picked_up":{"minecraft:birch_log":4,"minecraft:crafting_table":8,"minecraft:andesite":8,"minecraft:leather":10,"minecraft:tuff":1,"minecraft:oak_log":5,"minecraft:lapis_lazuli":6,"minecraft:dirt":10,"minecraft:bone":7,"minecraft:wheat_seeds":4,"minecraft:cobbled_deepslate":45,"minecraft:raw_gold":26,"minecraft:beef":11,"minecraft:melon_slice":21,"minecraft:furnace":3,"minecraft:raw_iron":40,"minecraft:torch":1,"minecraft:gravel":1,"minecraft:diorite":4,"minecraft:cyan_bed":1,"minecraft:redstone":5,"minecraft:arrow":6,"minecraft:rotten_flesh":6,"minecraft:diamond":17,"minecraft:hay_block":5,"minecraft:granite":8,"minecraft:black_wool":3,"minecraft:cobblestone":48,"minecraft:mutton":26,"minecraft:coal":43,"minecraft:white_wool":14},"minecraft:killed":{"minecraft:sheep":17,"minecraft:skeleton":6,"minecraft:zombie":6,"minecraft:cow":6}},"DataVersion":3953}