{"stats":{"minecraft:broken":{"minecraft:stone_sword":1},"minecraft:mined":{"minecraft:deepslate_redstone_ore":1,"minecraft:tuff":1,"minecraft:spruce_planks":11,"minecraft:glass_pane":1,"minecraft:deepslate_diamond_ore":17,"minecraft:jungle_slab":3,"minecraft:dark_oak_log":1,"minecraft:crafting_table":10,"minecraft:spruce_trapdoor":1,"minecraft:granite":8,"minecraft:short_grass":29,"minecraft:grass_block":5,"minecraft:melon":4,"minecraft:jungle_planks":5,"minecraft:chest":1,"minecraft:cobblestone":1,"minecraft:tall_grass":5,"minecraft:spruce_leaves":1,"minecraft:cyan_bed":1,"minecraft:deepslate_gold_ore":17,"minecraft:sugar_cane":21,"minecraft:diorite":4,"minecraft:wall_torch":1,"minecraft:spruce_stairs":5,"minecraft:hay_block":5,"minecraft:furnace":4,"minecraft:birch_log":4,"minecraft:iron_ore":34,"minecraft:spruce_log":4,"minecraft:andesite":8,"minecraft:pumpkin":1,"minecraft:deepslate_lapis_ore":1,"minecraft:oak_log":5,"minecraft:coal_ore":27,"minecraft:deepslate_iron_ore":17,"minecraft:gravel":1,"minecraft:dirt":18,"minecraft:stone":70,"minecraft:gold_ore":9,"minecraft:deepslate":33,"minecraft:fern":3},"minecraft:used":{"minecraft:water_bucket":36,"minecraft:diorite":4,"minecraft:stone_sword":144,"minecraft:stone_pickaxe":25,"minecraft:redstone":1,"minecraft:chest":2,"minecraft:spruce_planks":2,"minecraft:wooden_pickaxe":9,"minecraft:shield":32,"minecraft:iron_sword":40,"minecraft:white_wool":13,"minecraft:torch":30,"minecraft:dirt":14,"minecraft:mutton":31,"minecraft:crafting_table":9,"minecraft:tuff":1,"minecraft:granite":8,"minecraft:spruce_log":1,"minecraft:spruce_boat":3,"minecraft:black_wool":1,"minecraft:lava_bucket":1,"minecraft:cyan_bed":1,"minecraft:bread":19,"minecraft:melon_slice":20,"minecraft:iron_pickaxe":225,"minecraft:gravel":1,"minecraft:stone_axe":59,"minecraft:cobblestone":37,"minecraft:beef":11,"minecraft:furnace":6,"minecraft:andesite":3,"minecraft:bucket":38,"minecraft:cobbled_deepslate":45},"minecraft:custom":{"minecraft:interact_with_furnace":36,"minecraft:mob_kills":54,"minecraft:interact_with_crafting_table":27,"minecraft:leave_game":1,"minecraft:time_since_death":83144,"minecraft:sleep_in_bed":2,"minecraft:climb_one_cm":1019,"minecraft:time_since_rest":7320,"minecraft:sprint_one_cm":372769,"minecraft:damage_taken":1173,"minecraft:walk_one_cm":89583,"minecraft:damage_blocked_by_shield":868,"minecraft:drop":13,"minecraft:damage_dealt":6903,"minecraft:swim_one_cm":43230,"minecraft:fly_one_cm":674210,"minecraft:open_chest":20,"minecraft:crouch_one_cm":13672,"minecraft:play_time":83144,"minecraft:sneak_time":6073,"minecraft:walk_under_water_one_cm":20830,"minecraft:boat_one_cm":87429,"minecraft:jump":2829,"minecraft:walk_on_water_one_cm":28225,"minecraft:total_world_time":83144,"minecraft:fall_one_cm":79673},"minecraft:dropped":{"minecraft:wheat_seeds":2,"minecraft:clock":1,"minecraft:cobblestone":1,"minecraft:iron_helmet":1,"minecraft:rotten_flesh":7,"minecraft:iron_boots":1,"minecraft:oak_planks":1,"minecraft:leather":10,"minecraft:jungle_slab":3,"minecraft:andesite":5,"minecraft:melon_slice":1},"minecraft:crafted":{"minecraft:oak_planks":20,"minecraft:crafting_table":1,"minecraft:spruce_planks":12,"minecraft:wooden_pickaxe":1,"minecraft:iron_helmet":1,"minecraft:iron_sword":1,"minecraft:furnace":2,"minecraft:bucket":1,"minecraft:birch_planks":16,"minecraft:stone_axe":1,"minecraft:bread":15,"minecraft:air":0,"minecraft:diamond_helmet":1,"minecraft:diamond_leggings":1,"minecraft:iron_boots":1,"minecraft:iron_chestplate":1,"minecraft:shield":1,"minecraft:stick":24,"minecraft:iron_ingot":49,"minecraft:iron_pickaxe":1,"minecraft:stone_pickaxe":1,"minecraft:stone_sword":1,"minecraft:chest":2,"minecraft:diamond_boots":1,"minecraft:spruce_boat":1,"minecraft:torch":36,"minecraft:wheat":45},"minecraft:picked_up":{"minecraft:birch_log":4,"minecraft:crafting_table":10,"minecraft:clock":1,"minecraft:andesite":13,"minecraft:leather":10,"minecraft:tuff":1,"minecraft:oak_log":5,"minecraft:lapis_lazuli":6,"minecraft:dirt":23,"minecraft:bone":8,"minecraft:wheat_seeds":4,"minecraft:cobbled_deepslate":45,"minecraft:raw_gold":26,"minecraft:spruce_planks":5,"minecraft:beef":11,"minecraft:sugar_cane":51,"minecraft:melon_slice":21,"minecraft:chest":1,"minecraft:furnace":4,"minecraft:raw_iron":51,"minecraft:spruce_stairs":3,"minecraft:torch":1,"minecraft:gravel":1,"minecraft:jungle_planks":2,"minecraft:spruce_log":4,"minecraft:diorite":4,"minecraft:cyan_bed":1,"minecraft:redstone":5,"minecraft:jungle_slab":3,"minecraft:pumpkin_seeds":3,"minecraft:arrow":6,"minecraft:rotten_flesh":12,"minecraft:diamond":17,"minecraft:spruce_boat":3,"minecraft:hay_block":5,"minecraft:granite":8,"minecraft:spruce_sign":1,"minecraft:black_wool":3,"minecraft:cobblestone":72,"minecraft:mutton":34,"minecraft:coal":48,"minecraft:white_wool":20},"minecraft:killed":{"minecraft:zombie_villager":1,"minecraft:spider":2,"minecraft:sheep":23,"minecraft:skeleton":7,"minecraft:zombie":14,"minecraft:cow":6}},"DataVersion":3953}