{"stats":{"minecraft:broken":{"minecraft:stone_sword":1},"minecraft:mined":{"minecraft:tuff":1,"minecraft:spruce_planks":11,"minecraft:deepslate_diamond_ore":17,"minecraft:jungle_slab":3,"minecraft:dark_oak_log":1,"minecraft:spruce_trapdoor":1,"minecraft:granite":8,"minecraft:grass_block":5,"minecraft:jungle_planks":5,"minecraft:spruce_leaves":1,"minecraft:large_fern":1,"minecraft:hay_block":5,"minecraft:furnace":4,"minecraft:iron_ore":35,"minecraft:andesite":8,"minecraft:pumpkin":1,"minecraft:deepslate_lapis_ore":1,"minecraft:deepslate_iron_ore":17,"minecraft:small_amethyst_bud":1,"minecraft:stone":72,"minecraft:deepslate_redstone_ore":1,"minecraft:glass_pane":1,"minecraft:medium_amethyst_bud":1,"minecraft:crafting_table":10,"minecraft:torch":1,"minecraft:short_grass":29,"minecraft:melon":4,"minecraft:chest":1,"minecraft:campfire":1,"minecraft:tall_grass":5,"minecraft:cobblestone":1,"minecraft:deepslate_gold_ore":18,"minecraft:cyan_bed":1,"minecraft:sugar_cane":21,"minecraft:diorite":4,"minecraft:wall_torch":1,"minecraft:spruce_stairs":5,"minecraft:birch_log":4,"minecraft:spruce_log":4,"minecraft:coal_ore":32,"minecraft:oak_log":5,"minecraft:gravel":1,"minecraft:dirt":18,"minecraft:gold_ore":9,"minecraft:deepslate":36,"minecraft:fern":3},"minecraft:custom":{"minecraft:mob_kills":65,"minecraft:interact_with_crafting_table":27,"minecraft:leave_game":1,"minecraft:time_since_death":95144,"minecraft:climb_one_cm":1019,"minecraft:sprint_one_cm":456178,"minecraft:walk_one_cm":103454,"minecraft:damage_blocked_by_shield":1103,"minecraft:drop":22,"minecraft:play_time":95144,"minecraft:sneak_time":6561,"minecraft:walk_under_water_one_cm":21644,"minecraft:boat_one_cm":87429,"minecraft:jump":3324,"minecraft:walk_on_water_one_cm":30813,"minecraft:total_world_time":95144,"minecraft:interact_with_furnace":43,"minecraft:sleep_in_bed":2,"minecraft:time_since_rest":19320,"minecraft:damage_taken":1549,"minecraft:damage_dealt":8720,"minecraft:swim_one_cm":43627,"minecraft:fly_one_cm":787532,"minecraft:open_chest":26,"minecraft:crouch_one_cm":15096,"minecraft:fall_one_cm":95963},"minecraft:used":{"minecraft:stone_sword":144,"minecraft:redstone":1,"minecraft:spruce_planks":2,"minecraft:chest":2,"minecraft:shield":40,"minecraft:iron_sword":81,"minecraft:torch":53,"minecraft:dirt":14,"minecraft:mutton":31,"minecraft:tuff":1,"minecraft:granite":8,"minecraft:spruce_boat":3,"minecraft:lava_bucket":1,"minecraft:beef":11,"minecraft:sweet_berries":13,"minecraft:furnace":6,"minecraft:cobbled_deepslate":47,"minecraft:water_bucket":41,"minecraft:diorite":4,"minecraft:stone_pickaxe":25,"minecraft:wooden_pickaxe":9,"minecraft:white_wool":13,"minecraft:crafting_table":9,"minecraft:spruce_log":1,"minecraft:black_wool":1,"minecraft:melon_slice":20,"minecraft:bread":25,"minecraft:cyan_bed":1,"minecraft:iron_pickaxe":239,"minecraft:gravel":1,"minecraft:stone_axe":60,"minecraft:cobblestone":38,"minecraft:bucket":43,"minecraft:andesite":3},"minecraft:crafted":{"minecraft:oak_planks":20,"minecraft:furnace":2,"minecraft:cooked_mutton":2,"minecraft:diamond_helmet":1,"minecraft:diamond_leggings":1,"minecraft:iron_boots":1,"minecraft:stone_pickaxe":1,"minecraft:chest":2,"minecraft:diamond_boots":1,"minecraft:spruce_boat":1,"minecraft:wheat":45,"minecraft:crafting_table":1,"minecraft:spruce_planks":12,"minecraft:iron_helmet":1,"minecraft:wooden_pickaxe":1,"minecraft:baked_potato":3,"minecraft:iron_sword":1,"minecraft:bucket":1,"minecraft:birch_planks":16,"minecraft:stone_axe":1,"minecraft:bread":15,"minecraft:air":0,"minecraft:iron_chestplate":1,"minecraft:shield":1,"minecraft:stick":24,"minecraft:iron_ingot":49,"minecraft:iron_pickaxe":1,"minecraft:stone_sword":1,"minecraft:gold_ingot":3,"minecraft:torch":52},"minecraft:dropped":{"minecraft:bread":1,"minecraft:wheat_seeds":2,"minecraft:clock":1,"minecraft:iron_helmet":1,"minecraft:cobblestone":1,"minecraft:leather":10,"minecraft:jungle_slab":3,"minecraft:melon_slice":1,"minecraft:string":1,"minecraft:rotten_flesh":8,"minecraft:oak_planks":1,"minecraft:iron_boots":1,"minecraft:andesite":5,"minecraft:arrow":6},"minecraft:picked_up":{"minecraft:charcoal":2,"minecraft:crafting_table":10,"minecraft:string":1,"minecraft:cobbled_deepslate":48,"minecraft:spruce_planks":5,"minecraft:beef":11,"minecraft:melon_slice":21,"minecraft:sugar_cane":51,"minecraft:chest":1,"minecraft:furnace":4,"minecraft:raw_iron":52,"minecraft:torch":2,"minecraft:spruce_stairs":3,"minecraft:diorite":4,"minecraft:redstone":5,"minecraft:arrow":12,"minecraft:rotten_flesh":15,"minecraft:hay_block":5,"minecraft:mutton":34,"minecraft:white_wool":20,"minecraft:cobblestone":74,"minecraft:birch_log":4,"minecraft:clock":1,"minecraft:andesite":13,"minecraft:leather":10,"minecraft:tuff":1,"minecraft:oak_log":5,"minecraft:gunpowder":1,"minecraft:lapis_lazuli":6,"minecraft:dirt":23,"minecraft:bone":8,"minecraft:wheat_seeds":4,"minecraft:raw_gold":27,"minecraft:sweet_berries":13,"minecraft:gravel":1,"minecraft:jungle_planks":2,"minecraft:spruce_log":4,"minecraft:cyan_bed":1,"minecraft:jungle_slab":3,"minecraft:pumpkin_seeds":3,"minecraft:diamond":17,"minecraft:spruce_boat":3,"minecraft:granite":8,"minecraft:spruce_sign":1,"minecraft:bread":1,"minecraft:black_wool":3,"minecraft:coal":53},"minecraft:killed":{"minecraft:spider":3,"minecraft:skeleton":11,"minecraft:zombie_villager":1,"minecraft:creeper":1,"minecraft:sheep":23,"minecraft:zombie":18,"minecraft:cow":6}},"DataVersion":3953}