{"stats":{"minecraft:broken":{"minecraft:stone_sword":1},"minecraft:mined":{"minecraft:tuff":2,"minecraft:spruce_planks":13,"minecraft:deepslate_diamond_ore":39,"minecraft:jungle_slab":3,"minecraft:dark_oak_log":1,"minecraft:spruce_trapdoor":1,"minecraft:granite":9,"minecraft:grass_block":5,"minecraft:jungle_planks":5,"minecraft:spruce_leaves":1,"minecraft:large_fern":1,"minecraft:hay_block":5,"minecraft:furnace":4,"minecraft:iron_ore":35,"minecraft:andesite":9,"minecraft:pumpkin":1,"minecraft:deepslate_lapis_ore":1,"minecraft:deepslate_iron_ore":17,"minecraft:small_amethyst_bud":1,"minecraft:stone":72,"minecraft:deepslate_redstone_ore":1,"minecraft:glass_pane":1,"minecraft:medium_amethyst_bud":1,"minecraft:crafting_table":11,"minecraft:torch":1,"minecraft:short_grass":29,"minecraft:melon":4,"minecraft:chest":1,"minecraft:campfire":1,"minecraft:tall_grass":5,"minecraft:cobblestone":1,"minecraft:cyan_bed":1,"minecraft:deepslate_gold_ore":18,"minecraft:sugar_cane":23,"minecraft:diorite":4,"minecraft:wall_torch":1,"minecraft:spruce_stairs":5,"minecraft:birch_log":4,"minecraft:spruce_log":10,"minecraft:oak_log":5,"minecraft:coal_ore":37,"minecraft:gravel":1,"minecraft:dirt":18,"minecraft:gold_ore":9,"minecraft:deepslate":55,"minecraft:fern":3},"minecraft:custom":{"minecraft:mob_kills":95,"minecraft:interact_with_crafting_table":29,"minecraft:leave_game":2,"minecraft:time_since_death":118585,"minecraft:climb_one_cm":1019,"minecraft:sprint_one_cm":594743,"minecraft:walk_one_cm":130388,"minecraft:damage_blocked_by_shield":1508,"minecraft:drop":26,"minecraft:play_time":118585,"minecraft:sneak_time":8417,"minecraft:walk_under_water_one_cm":26895,"minecraft:boat_one_cm":87429,"minecraft:jump":4201,"minecraft:walk_on_water_one_cm":40990,"minecraft:total_world_time":118585,"minecraft:interact_with_furnace":45,"minecraft:sleep_in_bed":2,"minecraft:time_since_rest":42761,"minecraft:damage_taken":2308,"minecraft:damage_dealt":13127,"minecraft:swim_one_cm":61527,"minecraft:fly_one_cm":973088,"minecraft:open_chest":32,"minecraft:crouch_one_cm":20332,"minecraft:fall_one_cm":120065},"minecraft:used":{"minecraft:stone_sword":144,"minecraft:redstone":1,"minecraft:chest":2,"minecraft:spruce_planks":23,"minecraft:shield":51,"minecraft:iron_sword":176,"minecraft:torch":63,"minecraft:dirt":14,"minecraft:mutton":35,"minecraft:tuff":2,"minecraft:granite":9,"minecraft:spruce_boat":3,"minecraft:lava_bucket":1,"minecraft:beef":14,"minecraft:sweet_berries":13,"minecraft:furnace":6,"minecraft:cobbled_deepslate":49,"minecraft:cooked_mutton":2,"minecraft:water_bucket":52,"minecraft:diorite":4,"minecraft:stone_pickaxe":25,"minecraft:baked_potato":6,"minecraft:wooden_pickaxe":9,"minecraft:white_wool":16,"minecraft:crafting_table":10,"minecraft:spruce_log":1,"minecraft:black_wool":1,"minecraft:melon_slice":20,"minecraft:cyan_bed":1,"minecraft:bread":29,"minecraft:iron_pickaxe":288,"minecraft:gravel":2,"minecraft:stone_axe":69,"minecraft:cobblestone":39,"minecraft:porkchop":5,"minecraft:andesite":4,"minecraft:bucket":54},"minecraft:crafted":{"minecraft:oak_planks":20,"minecraft:furnace":2,"minecraft:cooked_mutton":2,"minecraft:diamond_helmet":1,"minecraft:diamond_leggings":1,"minecraft:iron_boots":1,"minecraft:stone_pickaxe":1,"minecraft:chest":2,"minecraft:diamond_boots":1,"minecraft:spruce_boat":1,"minecraft:wheat":45,"minecraft:crafting_table":2,"minecraft:spruce_planks":36,"minecraft:wooden_pickaxe":1,"minecraft:baked_potato":6,"minecraft:iron_helmet":1,"minecraft:iron_sword":1,"minecraft:bucket":1,"minecraft:birch_planks":16,"minecraft:stone_axe":1,"minecraft:bread":15,"minecraft:air":0,"minecraft:iron_chestplate":1,"minecraft:shield":1,"minecraft:stick":24,"minecraft:iron_ingot":49,"minecraft:iron_pickaxe":1,"minecraft:stone_sword":1,"minecraft:gold_ingot":3,"minecraft:torch":72,"minecraft:diamond_chestplate":1},"minecraft:dropped":{"minecraft:bread":1,"minecraft:wheat_seeds":2,"minecraft:clock":1,"minecraft:iron_helmet":1,"minecraft:cobblestone":1,"minecraft:black_bed":1,"minecraft:leather":10,"minecraft:jungle_slab":3,"minecraft:melon_slice":1,"minecraft:string":1,"minecraft:rotten_flesh":8,"minecraft:oak_planks":1,"minecraft:iron_boots":1,"minecraft:iron_chestplate":2,"minecraft:andesite":5,"minecraft:arrow":7},"minecraft:picked_up":{"minecraft:iron_chestplate":1,"minecraft:charcoal":2,"minecraft:crafting_table":11,"minecraft:string":1,"minecraft:cobbled_deepslate":71,"minecraft:spruce_planks":6,"minecraft:beef":15,"minecraft:melon_slice":21,"minecraft:sugar_cane":54,"minecraft:chest":1,"minecraft:furnace":4,"minecraft:raw_iron":52,"minecraft:torch":2,"minecraft:spruce_stairs":3,"minecraft:porkchop":5,"minecraft:diorite":4,"minecraft:redstone":5,"minecraft:arrow":13,"minecraft:rotten_flesh":28,"minecraft:hay_block":5,"minecraft:mutton":38,"minecraft:cobblestone":74,"minecraft:white_wool":23,"minecraft:birch_log":4,"minecraft:clock":1,"minecraft:andesite":14,"minecraft:leather":11,"minecraft:tuff":2,"minecraft:oak_log":5,"minecraft:gunpowder":1,"minecraft:dirt":23,"minecraft:lapis_lazuli":6,"minecraft:bone":15,"minecraft:wheat_seeds":4,"minecraft:raw_gold":27,"minecraft:iron_ingot":1,"minecraft:sweet_berries":13,"minecraft:gravel":2,"minecraft:jungle_planks":2,"minecraft:spruce_log":10,"minecraft:cyan_bed":1,"minecraft:jungle_slab":3,"minecraft:pumpkin_seeds":3,"minecraft:diamond":39,"minecraft:spruce_boat":3,"minecraft:granite":9,"minecraft:spruce_sign":1,"minecraft:bread":1,"minecraft:black_wool":3,"minecraft:coal":58},"minecraft:killed":{"minecraft:spider":3,"minecraft:skeleton":15,"minecraft:pig":3,"minecraft:zombie_villager":1,"minecraft:creeper":2,"minecraft:sheep":26,"minecraft:zombie":32,"minecraft:cow":8}},"DataVersion":3953}