{"stats":{"minecraft:broken":{"minecraft:stone_sword":1},"minecraft:mined":{"minecraft:deepslate_redstone_ore":1,"minecraft:tuff":1,"minecraft:spruce_planks":11,"minecraft:deepslate_diamond_ore":17,"minecraft:jungle_slab":3,"minecraft:dark_oak_log":1,"minecraft:crafting_table":8,"minecraft:spruce_trapdoor":1,"minecraft:granite":8,"minecraft:short_grass":19,"minecraft:grass_block":2,"minecraft:melon":4,"minecraft:jungle_planks":5,"minecraft:tall_grass":3,"minecraft:cyan_bed":1,"minecraft:deepslate_gold_ore":17,"minecraft:sugar_cane":2,"minecraft:diorite":4,"minecraft:wall_torch":1,"minecraft:spruce_stairs":3,"minecraft:hay_block":5,"minecraft:furnace":3,"minecraft:birch_log":4,"minecraft:iron_ore":34,"minecraft:andesite":8,"minecraft:pumpkin":1,"minecraft:deepslate_lapis_ore":1,"minecraft:oak_log":5,"minecraft:coal_ore":22,"minecraft:deepslate_iron_ore":17,"minecraft:gravel":1,"minecraft:dirt":8,"minecraft:stone":53,"minecraft:gold_ore":9,"minecraft:deepslate":33,"minecraft:fern":2},"minecraft:used":{"minecraft:water_bucket":32,"minecraft:diorite":4,"minecraft:stone_sword":144,"minecraft:stone_pickaxe":25,"minecraft:redstone":1,"minecraft:spruce_planks":2,"minecraft:wooden_pickaxe":9,"minecraft:shield":32,"minecraft:torch":25,"minecraft:dirt":9,"minecraft:mutton":31,"minecraft:crafting_table":7,"minecraft:tuff":1,"minecraft:granite":8,"minecraft:black_wool":1,"minecraft:lava_bucket":1,"minecraft:cyan_bed":1,"minecraft:bread":13,"minecraft:melon_slice":20,"minecraft:iron_pickaxe":201,"minecraft:gravel":1,"minecraft:stone_axe":50,"minecraft:cobblestone":37,"minecraft:furnace":3,"minecraft:bucket":34,"minecraft:cobbled_deepslate":45},"minecraft:custom":{"minecraft:interact_with_furnace":25,"minecraft:mob_kills":44,"minecraft:interact_with_crafting_table":19,"minecraft:leave_game":1,"minecraft:time_since_death":59144,"minecraft:sleep_in_bed":1,"minecraft:climb_one_cm":592,"minecraft:time_since_rest":21216,"minecraft:sprint_one_cm":246934,"minecraft:damage_taken":970,"minecraft:walk_one_cm":67344,"minecraft:damage_blocked_by_shield":868,"minecraft:drop":4,"minecraft:damage_dealt":5230,"minecraft:swim_one_cm":36139,"minecraft:fly_one_cm":419907,"minecraft:open_chest":2,"minecraft:crouch_one_cm":12920,"minecraft:play_time":59144,"minecraft:sneak_time":5751,"minecraft:walk_under_water_one_cm":18996,"minecraft:jump":1951,"minecraft:walk_on_water_one_cm":23969,"minecraft:total_world_time":59144,"minecraft:fall_one_cm":57512},"minecraft:dropped":{"minecraft:wheat_seeds":2,"minecraft:rotten_flesh":3,"minecraft:melon_slice":1},"minecraft:crafted":{"minecraft:oak_planks":20,"minecraft:crafting_table":1,"minecraft:wooden_pickaxe":1,"minecraft:iron_helmet":1,"minecraft:furnace":1,"minecraft:bucket":1,"minecraft:birch_planks":16,"minecraft:stone_axe":1,"minecraft:bread":15,"minecraft:air":0,"minecraft:diamond_helmet":1,"minecraft:diamond_leggings":1,"minecraft:iron_boots":1,"minecraft:iron_chestplate":1,"minecraft:shield":1,"minecraft:stick":24,"minecraft:iron_ingot":30,"minecraft:iron_pickaxe":1,"minecraft:stone_pickaxe":1,"minecraft:stone_sword":1,"minecraft:diamond_boots":1,"minecraft:torch":36,"minecraft:wheat":45},"minecraft:picked_up":{"minecraft:birch_log":4,"minecraft:crafting_table":8,"minecraft:andesite":8,"minecraft:leather":10,"minecraft:tuff":1,"minecraft:oak_log":5,"minecraft:lapis_lazuli":6,"minecraft:dirt":10,"minecraft:bone":7,"minecraft:wheat_seeds":4,"minecraft:cobbled_deepslate":45,"minecraft:raw_gold":26,"minecraft:spruce_planks":5,"minecraft:beef":11,"minecraft:sugar_cane":3,"minecraft:melon_slice":21,"minecraft:furnace":3,"minecraft:raw_iron":51,"minecraft:spruce_stairs":1,"minecraft:torch":1,"minecraft:gravel":1,"minecraft:jungle_planks":2,"minecraft:diorite":4,"minecraft:cyan_bed":1,"minecraft:redstone":5,"minecraft:jungle_slab":3,"minecraft:arrow":6,"minecraft:rotten_flesh":7,"minecraft:diamond":17,"minecraft:hay_block":5,"minecraft:granite":8,"minecraft:black_wool":3,"minecraft:cobblestone":53,"minecraft:mutton":31,"minecraft:coal":43,"minecraft:white_wool":18},"minecraft:killed":{"minecraft:spider":1,"minecraft:sheep":21,"minecraft:skeleton":6,"minecraft:zombie":9,"minecraft:cow":6}},"DataVersion":3953}