{"stats":{"minecraft:mined":{"minecraft:deepslate_diamond_ore":1,"minecraft:crafting_table":3,"minecraft:short_grass":10,"minecraft:grass_block":1,"minecraft:melon":4,"minecraft:deepslate_gold_ore":17,"minecraft:diorite":4,"minecraft:hay_block":5,"minecraft:furnace":2,"minecraft:iron_ore":14,"minecraft:deepslate_lapis_ore":1,"minecraft:oak_log":5,"minecraft:coal_ore":17,"minecraft:deepslate_iron_ore":16,"minecraft:gravel":1,"minecraft:dirt":5,"minecraft:stone":30,"minecraft:deepslate":15,"minecraft:fern":2},"minecraft:used":{"minecraft:water_bucket":6,"minecraft:diorite":4,"minecraft:stone_sword":52,"minecraft:stone_pickaxe":25,"minecraft:wooden_pickaxe":9,"minecraft:shield":14,"minecraft:torch":11,"minecraft:dirt":6,"minecraft:mutton":11,"minecraft:crafting_table":3,"minecraft:black_wool":1,"minecraft:lava_bucket":1,"minecraft:melon_slice":10,"minecraft:bread":7,"minecraft:iron_pickaxe":85,"minecraft:stone_axe":16,"minecraft:cobblestone":14,"minecraft:furnace":3,"minecraft:bucket":8,"minecraft:cobbled_deepslate":7},"minecraft:custom":{"minecraft:interact_with_furnace":18,"minecraft:mob_kills":15,"minecraft:interact_with_crafting_table":14,"minecraft:time_since_death":23655,"minecraft:climb_one_cm":592,"minecraft:time_since_rest":23655,"minecraft:sprint_one_cm":82053,"minecraft:damage_taken":615,"minecraft:walk_one_cm":32521,"minecraft:damage_blocked_by_shield":370,"minecraft:drop":3,"minecraft:damage_dealt":1928,"minecraft:swim_one_cm":6424,"minecraft:fly_one_cm":127716,"minecraft:crouch_one_cm":6108,"minecraft:play_time":23655,"minecraft:sneak_time":2221,"minecraft:walk_under_water_one_cm":1304,"minecraft:jump":629,"minecraft:walk_on_water_one_cm":7372,"minecraft:total_world_time":23655,"minecraft:fall_one_cm":25069},"minecraft:dropped":{"minecraft:wheat_seeds":2,"minecraft:rotten_flesh":3},"minecraft:crafted":{"minecraft:oak_planks":20,"minecraft:crafting_table":1,"minecraft:wooden_pickaxe":1,"minecraft:iron_helmet":1,"minecraft:furnace":1,"minecraft:bucket":1,"minecraft:stone_axe":1,"minecraft:bread":15,"minecraft:air":0,"minecraft:iron_boots":1,"minecraft:shield":1,"minecraft:stick":12,"minecraft:iron_ingot":26,"minecraft:iron_pickaxe":1,"minecraft:stone_pickaxe":1,"minecraft:stone_sword":1,"minecraft:torch":12,"minecraft:wheat":45},"minecraft:picked_up":{"minecraft:crafting_table":3,"minecraft:oak_log":5,"minecraft:lapis_lazuli":6,"minecraft:dirt":6,"minecraft:bone":5,"minecraft:wheat_seeds":2,"minecraft:cobbled_deepslate":16,"minecraft:raw_gold":17,"minecraft:melon_slice":20,"minecraft:furnace":2,"minecraft:raw_iron":30,"minecraft:gravel":1,"minecraft:diorite":4,"minecraft:arrow":6,"minecraft:rotten_flesh":4,"minecraft:diamond":1,"minecraft:hay_block":5,"minecraft:black_wool":1,"minecraft:mutton":11,"minecraft:coal":29,"minecraft:white_wool":7,"minecraft:cobblestone":30},"minecraft:killed":{"minecraft:sheep":8,"minecraft:skeleton":3,"minecraft:zombie":4}},"DataVersion":3953}