{"stats":{"minecraft:mined":{"minecraft:tuff":19,"minecraft:acacia_leaves":3,"minecraft:crafting_table":2,"minecraft:torch":3,"minecraft:granite":13,"minecraft:short_grass":18,"minecraft:acacia_log":40,"minecraft:cobblestone":2,"minecraft:sugar_cane":8,"minecraft:diorite":2,"minecraft:wall_torch":7,"minecraft:furnace":1,"minecraft:cobbled_deepslate":3,"minecraft:andesite":5,"minecraft:coal_ore":54,"minecraft:deepslate_iron_ore":1,"minecraft:gravel":9,"minecraft:dirt":2,"minecraft:stone":198,"minecraft:deepslate":157},"minecraft:broken":{"minecraft:stone_pickaxe":3},"minecraft:used":{"minecraft:stone_pickaxe":461,"minecraft:wooden_pickaxe":4,"minecraft:torch":42,"minecraft:crafting_table":5,"minecraft:white_bed":1,"minecraft:wooden_axe":41,"minecraft:wooden_sword":75,"minecraft:cobblestone":6,"minecraft:furnace":1,"minecraft:cooked_beef":2,"minecraft:cobbled_deepslate":53},"minecraft:custom":{"minecraft:interact_with_furnace":6,"minecraft:mob_kills":19,"minecraft:interact_with_crafting_table":9,"minecraft:leave_game":1,"minecraft:time_since_death":34632,"minecraft:sleep_in_bed":1,"minecraft:time_since_rest":17847,"minecraft:sprint_one_cm":34084,"minecraft:damage_taken":20,"minecraft:walk_one_cm":84193,"minecraft:drop":8,"minecraft:damage_dealt":1751,"minecraft:swim_one_cm":497,"minecraft:fly_one_cm":56853,"minecraft:crouch_one_cm":3414,"minecraft:play_time":34632,"minecraft:sneak_time":1215,"minecraft:walk_under_water_one_cm":140,"minecraft:jump":396,"minecraft:walk_on_water_one_cm":1155,"minecraft:total_world_time":34632,"minecraft:fall_one_cm":7658},"minecraft:dropped":{"minecraft:wheat_seeds":7,"minecraft:dirt":2,"minecraft:wooden_axe":1,"minecraft:wooden_sword":2,"minecraft:wooden_pickaxe":1},"minecraft:crafted":{"minecraft:cooked_beef":13,"minecraft:wooden_sword":1,"minecraft:crafting_table":3,"minecraft:wooden_pickaxe":1,"minecraft:furnace":1,"minecraft:air":0,"minecraft:stick":32,"minecraft:stone_pickaxe":4,"minecraft:wooden_axe":1,"minecraft:stone_sword":1,"minecraft:white_bed":1,"minecraft:acacia_planks":40,"minecraft:torch":48},"minecraft:picked_up":{"minecraft:crafting_table":2,"minecraft:cooked_beef":3,"minecraft:andesite":5,"minecraft:leather":11,"minecraft:tuff":19,"minecraft:dirt":2,"minecraft:wooden_sword":1,"minecraft:wheat_seeds":7,"minecraft:cobbled_deepslate":158,"minecraft:beef":16,"minecraft:sugar_cane":15,"minecraft:egg":1,"minecraft:furnace":1,"minecraft:raw_iron":1,"minecraft:torch":10,"minecraft:acacia_log":40,"minecraft:gravel":16,"minecraft:porkchop":12,"minecraft:diorite":2,"minecraft:armadillo_scute":1,"minecraft:granite":13,"minecraft:black_wool":1,"minecraft:mutton":7,"minecraft:coal":62,"minecraft:white_wool":4,"minecraft:cobblestone":199},"minecraft:killed":{"minecraft:pig":4,"minecraft:sheep":5,"minecraft:cow":10}},"DataVersion":3953}