{"stats":{"minecraft:mined":{"minecraft:deepslate_redstone_ore":1,"minecraft:tuff":126,"minecraft:acacia_leaves":3,"minecraft:deepslate_diamond_ore":31,"minecraft:crafting_table":8,"minecraft:torch":3,"minecraft:granite":13,"minecraft:short_grass":22,"minecraft:acacia_log":40,"minecraft:cobblestone":6,"minecraft:cyan_bed":2,"minecraft:deepslate_gold_ore":14,"minecraft:sugar_cane":11,"minecraft:diorite":23,"minecraft:wall_torch":12,"minecraft:furnace":3,"minecraft:iron_ore":8,"minecraft:cobbled_deepslate":4,"minecraft:andesite":10,"minecraft:coal_ore":54,"minecraft:deepslate_iron_ore":7,"minecraft:gravel":14,"minecraft:dirt":3,"minecraft:stone":231,"minecraft:gold_ore":3,"minecraft:oak_leaves":3,"minecraft:deepslate":616},"minecraft:broken":{"minecraft:stone_pickaxe":8},"minecraft:used":{"minecraft:stone_sword":5,"minecraft:stone_pickaxe":1079,"minecraft:wooden_pickaxe":4,"minecraft:torch":75,"minecraft:crafting_table":14,"minecraft:white_bed":1,"minecraft:tuff":26,"minecraft:wooden_axe":41,"minecraft:diamond_pickaxe":23,"minecraft:cyan_bed":2,"minecraft:iron_pickaxe":61,"minecraft:diamond_sword":40,"minecraft:wooden_sword":75,"minecraft:cobblestone":6,"minecraft:furnace":3,"minecraft:cooked_beef":6,"minecraft:cobbled_deepslate":62},"minecraft:custom":{"minecraft:interact_with_furnace":24,"minecraft:mob_kills":29,"minecraft:interact_with_crafting_table":30,"minecraft:leave_game":5,"minecraft:time_since_death":79225,"minecraft:sleep_in_bed":3,"minecraft:climb_one_cm":501,"minecraft:time_since_rest":4489,"minecraft:sprint_one_cm":138431,"minecraft:damage_taken":109,"minecraft:walk_one_cm":169055,"minecraft:drop":37,"minecraft:damage_dealt":3540,"minecraft:swim_one_cm":3458,"minecraft:fly_one_cm":139797,"minecraft:player_kills":1,"minecraft:crouch_one_cm":4080,"minecraft:play_time":79225,"minecraft:sneak_time":1646,"minecraft:walk_under_water_one_cm":364,"minecraft:jump":1162,"minecraft:walk_on_water_one_cm":1475,"minecraft:total_world_time":79225,"minecraft:fall_one_cm":12403},"minecraft:dropped":{"minecraft:gravel":21,"minecraft:wheat_seeds":7,"minecraft:cooked_beef":2,"minecraft:stone_sword":1,"minecraft:cobbled_deepslate":479,"minecraft:tuff":100,"minecraft:light_gray_wool":1,"minecraft:granite":13,"minecraft:dirt":2,"minecraft:diorite":23,"minecraft:wooden_axe":2,"minecraft:andesite":10,"minecraft:wooden_sword":2,"minecraft:armadillo_scute":1,"minecraft:wooden_pickaxe":1,"minecraft:stone_pickaxe":5,"minecraft:egg":1,"minecraft:redstone":4},"minecraft:crafted":{"minecraft:cooked_beef":13,"minecraft:wooden_sword":1,"minecraft:diamond_sword":1,"minecraft:cooked_porkchop":15,"minecraft:crafting_table":5,"minecraft:wooden_pickaxe":1,"minecraft:furnace":2,"minecraft:air":0,"minecraft:diamond_helmet":1,"minecraft:diamond_leggings":1,"minecraft:diamond_pickaxe":1,"minecraft:shield":1,"minecraft:stick":56,"minecraft:iron_ingot":11,"minecraft:iron_pickaxe":1,"minecraft:stone_pickaxe":12,"minecraft:wooden_axe":1,"minecraft:stone_sword":1,"minecraft:diamond_boots":1,"minecraft:white_bed":1,"minecraft:acacia_planks":64,"minecraft:torch":88,"minecraft:diamond_chestplate":1},"minecraft:picked_up":{"minecraft:wooden_axe":1,"minecraft:crafting_table":9,"minecraft:cooked_beef":3,"minecraft:andesite":10,"minecraft:leather":18,"minecraft:tuff":126,"minecraft:dirt":3,"minecraft:wooden_sword":1,"minecraft:bone":4,"minecraft:acacia_planks":7,"minecraft:bow":1,"minecraft:wheat_seeds":7,"minecraft:cobbled_deepslate":611,"minecraft:raw_gold":17,"minecraft:beef":27,"minecraft:stone_pickaxe":1,"minecraft:light_gray_wool":1,"minecraft:sugar_cane":23,"minecraft:furnace":2,"minecraft:egg":1,"minecraft:stick":2,"minecraft:raw_iron":15,"minecraft:torch":15,"minecraft:acacia_log":46,"minecraft:gravel":21,"minecraft:porkchop":19,"minecraft:diorite":23,"minecraft:cyan_bed":2,"minecraft:redstone":4,"minecraft:arrow":2,"minecraft:diamond":31,"minecraft:armadillo_scute":1,"minecraft:granite":13,"minecraft:black_wool":1,"minecraft:mutton":10,"minecraft:coal":125,"minecraft:white_wool":5,"minecraft:cobblestone":235,"minecraft:ender_pearl":1},"minecraft:killed":{"minecraft:pig":5,"minecraft:skeleton":2,"minecraft:sheep":6,"minecraft:zombie":1,"minecraft:enderman":1,"minecraft:cow":14}},"DataVersion":3953}