{"stats":{"minecraft:mined":{"minecraft:deepslate_redstone_ore":1,"minecraft:tuff":58,"minecraft:acacia_leaves":3,"minecraft:deepslate_diamond_ore":20,"minecraft:crafting_table":5,"minecraft:torch":3,"minecraft:granite":13,"minecraft:short_grass":18,"minecraft:acacia_log":40,"minecraft:cobblestone":2,"minecraft:deepslate_gold_ore":8,"minecraft:sugar_cane":8,"minecraft:diorite":23,"minecraft:wall_torch":10,"minecraft:furnace":2,"minecraft:iron_ore":8,"minecraft:cobbled_deepslate":4,"minecraft:andesite":10,"minecraft:coal_ore":54,"minecraft:deepslate_iron_ore":3,"minecraft:gravel":14,"minecraft:dirt":2,"minecraft:stone":223,"minecraft:deepslate":403},"minecraft:broken":{"minecraft:stone_pickaxe":6},"minecraft:used":{"minecraft:stone_sword":5,"minecraft:stone_pickaxe":797,"minecraft:wooden_pickaxe":4,"minecraft:torch":59,"minecraft:crafting_table":10,"minecraft:white_bed":1,"minecraft:wooden_axe":41,"minecraft:cyan_bed":1,"minecraft:iron_pickaxe":43,"minecraft:wooden_sword":75,"minecraft:cobblestone":6,"minecraft:furnace":3,"minecraft:cooked_beef":2,"minecraft:cobbled_deepslate":62},"minecraft:custom":{"minecraft:interact_with_furnace":20,"minecraft:mob_kills":19,"minecraft:interact_with_crafting_table":20,"minecraft:leave_game":3,"minecraft:time_since_death":55818,"minecraft:sleep_in_bed":2,"minecraft:time_since_rest":7280,"minecraft:sprint_one_cm":50207,"minecraft:damage_taken":53,"minecraft:walk_one_cm":131052,"minecraft:drop":17,"minecraft:damage_dealt":1951,"minecraft:swim_one_cm":497,"minecraft:fly_one_cm":64076,"minecraft:player_kills":1,"minecraft:crouch_one_cm":3502,"minecraft:play_time":55818,"minecraft:sneak_time":1296,"minecraft:walk_under_water_one_cm":140,"minecraft:jump":566,"minecraft:walk_on_water_one_cm":1155,"minecraft:total_world_time":55818,"minecraft:fall_one_cm":7658},"minecraft:dropped":{"minecraft:gravel":16,"minecraft:wheat_seeds":7,"minecraft:cobbled_deepslate":78,"minecraft:granite":13,"minecraft:dirt":2,"minecraft:wooden_axe":2,"minecraft:andesite":10,"minecraft:wooden_sword":2,"minecraft:armadillo_scute":1,"minecraft:wooden_pickaxe":1,"minecraft:redstone":4,"minecraft:egg":1},"minecraft:crafted":{"minecraft:cooked_beef":13,"minecraft:wooden_sword":1,"minecraft:crafting_table":4,"minecraft:wooden_pickaxe":1,"minecraft:furnace":2,"minecraft:air":0,"minecraft:stick":48,"minecraft:iron_ingot":10,"minecraft:iron_pickaxe":1,"minecraft:stone_pickaxe":7,"minecraft:wooden_axe":1,"minecraft:stone_sword":1,"minecraft:white_bed":1,"minecraft:acacia_planks":44,"minecraft:torch":88},"minecraft:picked_up":{"minecraft:wooden_axe":1,"minecraft:crafting_table":6,"minecraft:cooked_beef":3,"minecraft:andesite":10,"minecraft:leather":14,"minecraft:tuff":58,"minecraft:dirt":2,"minecraft:wooden_sword":1,"minecraft:acacia_planks":7,"minecraft:wheat_seeds":7,"minecraft:cobbled_deepslate":401,"minecraft:raw_gold":8,"minecraft:beef":22,"minecraft:light_gray_wool":1,"minecraft:sugar_cane":15,"minecraft:egg":1,"minecraft:furnace":1,"minecraft:stick":2,"minecraft:raw_iron":11,"minecraft:torch":13,"minecraft:acacia_log":46,"minecraft:gravel":21,"minecraft:porkchop":16,"minecraft:diorite":23,"minecraft:redstone":4,"minecraft:diamond":20,"minecraft:granite":13,"minecraft:armadillo_scute":1,"minecraft:black_wool":1,"minecraft:mutton":8,"minecraft:coal":100,"minecraft:white_wool":4,"minecraft:cobblestone":224},"minecraft:killed":{"minecraft:pig":4,"minecraft:sheep":5,"minecraft:cow":10}},"DataVersion":3953}