{"stats":{"minecraft:mined":{"minecraft:acacia_leaves":3,"minecraft:crafting_table":1,"minecraft:short_grass":18,"minecraft:acacia_log":40,"minecraft:coal_ore":10,"minecraft:stone":14,"minecraft:sugar_cane":8},"minecraft:used":{"minecraft:wooden_axe":40,"minecraft:stone_pickaxe":20,"minecraft:wooden_pickaxe":4,"minecraft:wooden_sword":75,"minecraft:crafting_table":3},"minecraft:custom":{"minecraft:time_since_rest":12178,"minecraft:sprint_one_cm":33488,"minecraft:damage_taken":10,"minecraft:walk_one_cm":42351,"minecraft:mob_kills":19,"minecraft:drop":1,"minecraft:damage_dealt":1751,"minecraft:interact_with_crafting_table":4,"minecraft:swim_one_cm":497,"minecraft:fly_one_cm":56747,"minecraft:crouch_one_cm":40,"minecraft:play_time":12178,"minecraft:sneak_time":32,"minecraft:walk_under_water_one_cm":140,"minecraft:jump":247,"minecraft:time_since_death":12178,"minecraft:walk_on_water_one_cm":1155,"minecraft:total_world_time":12178,"minecraft:fall_one_cm":7323},"minecraft:dropped":{"minecraft:wheat_seeds":1},"minecraft:crafted":{"minecraft:wooden_sword":1,"minecraft:crafting_table":2,"minecraft:stick":8,"minecraft:wooden_pickaxe":1,"minecraft:stone_pickaxe":1,"minecraft:wooden_axe":1,"minecraft:furnace":1,"minecraft:acacia_planks":28},"minecraft:picked_up":{"minecraft:crafting_table":1,"minecraft:leather":11,"minecraft:acacia_log":40,"minecraft:porkchop":12,"minecraft:wheat_seeds":4,"minecraft:beef":16,"minecraft:armadillo_scute":1,"minecraft:sugar_cane":15,"minecraft:black_wool":1,"minecraft:mutton":7,"minecraft:coal":10,"minecraft:white_wool":4,"minecraft:cobblestone":11,"minecraft:egg":1},"minecraft:killed":{"minecraft:sheep":5,"minecraft:pig":4,"minecraft:cow":10}},"DataVersion":3953}