{"stats":{"minecraft:broken":{"minecraft:stone_pickaxe":8},"minecraft:mined":{"minecraft:tuff":126,"minecraft:spruce_planks":6,"minecraft:farmland":29,"minecraft:mossy_cobblestone":1,"minecraft:deepslate_diamond_ore":31,"minecraft:cobblestone_stairs":6,"minecraft:spruce_trapdoor":24,"minecraft:granite":17,"minecraft:acacia_log":40,"minecraft:grass_block":4,"minecraft:spruce_leaves":104,"minecraft:cartography_table":1,"minecraft:composter":1,"minecraft:large_fern":19,"minecraft:tall_seagrass":1,"minecraft:spruce_sapling":2,"minecraft:furnace":3,"minecraft:carrots":1,"minecraft:iron_ore":8,"minecraft:cobbled_deepslate":4,"minecraft:andesite":10,"minecraft:pumpkin":6,"minecraft:fletching_table":6,"minecraft:potatoes":6,"minecraft:deepslate_iron_ore":7,"minecraft:dirt_path":7,"minecraft:stone":248,"minecraft:podzol":5,"minecraft:deepslate_redstone_ore":1,"minecraft:acacia_leaves":3,"minecraft:glass_pane":2,"minecraft:spruce_door":1,"minecraft:crafting_table":10,"minecraft:torch":3,"minecraft:short_grass":56,"minecraft:chest":1,"minecraft:tall_grass":5,"minecraft:cobblestone":20,"minecraft:cyan_bed":2,"minecraft:deepslate_gold_ore":14,"minecraft:grindstone":2,"minecraft:sugar_cane":13,"minecraft:diorite":32,"minecraft:wall_torch":12,"minecraft:blue_bed":2,"minecraft:spruce_stairs":2,"minecraft:cobblestone_wall":5,"minecraft:ice":1,"minecraft:spruce_log":953,"minecraft:coal_ore":68,"minecraft:gravel":171,"minecraft:dirt":16,"minecraft:stonecutter":1,"minecraft:gold_ore":3,"minecraft:oak_leaves":3,"minecraft:deepslate":616,"minecraft:fern":4},"minecraft:custom":{"minecraft:mob_kills":66,"minecraft:animals_bred":3,"minecraft:interact_with_crafting_table":70,"minecraft:leave_game":6,"minecraft:time_since_death":187151,"minecraft:climb_one_cm":501,"minecraft:sprint_one_cm":464010,"minecraft:walk_one_cm":388712,"minecraft:drop":46,"minecraft:talked_to_villager":68,"minecraft:play_time":187151,"minecraft:sneak_time":3480,"minecraft:walk_under_water_one_cm":1633,"minecraft:boat_one_cm":329751,"minecraft:jump":2968,"minecraft:walk_on_water_one_cm":8022,"minecraft:total_world_time":187151,"minecraft:interact_with_furnace":46,"minecraft:traded_with_villager":141,"minecraft:sleep_in_bed":10,"minecraft:time_since_rest":3988,"minecraft:damage_taken":521,"minecraft:damage_dealt":8915,"minecraft:swim_one_cm":13859,"minecraft:player_kills":1,"minecraft:fly_one_cm":547519,"minecraft:open_chest":62,"minecraft:crouch_one_cm":9875,"minecraft:fall_one_cm":52496},"minecraft:used":{"minecraft:stone_sword":5,"minecraft:iron_shovel":156,"minecraft:chest":3,"minecraft:spruce_planks":7,"minecraft:stone_hoe":81,"minecraft:torch":75,"minecraft:dirt":9,"minecraft:cobblestone_wall":1,"minecraft:carrot":8,"minecraft:tuff":26,"minecraft:wooden_axe":41,"minecraft:sweet_berries":5,"minecraft:furnace":4,"minecraft:cooked_beef":21,"minecraft:cobbled_deepslate":62,"minecraft:acacia_boat":10,"minecraft:water_bucket":6,"minecraft:stone_pickaxe":1079,"minecraft:wooden_pickaxe":4,"minecraft:composter":1,"minecraft:blue_bed":1,"minecraft:diamond_axe":1109,"minecraft:fletching_table":9,"minecraft:crafting_table":16,"minecraft:white_bed":1,"minecraft:spruce_log":17,"minecraft:diamond_pickaxe":25,"minecraft:diamond_shovel":105,"minecraft:cyan_bed":3,"minecraft:iron_pickaxe":137,"minecraft:spruce_trapdoor":6,"minecraft:spruce_sapling":46,"minecraft:gravel":134,"minecraft:diamond_sword":140,"minecraft:wooden_sword":75,"minecraft:cobblestone":26,"minecraft:bucket":6},"minecraft:dropped":{"minecraft:wheat_seeds":7,"minecraft:lapis_lazuli":14,"minecraft:cooked_beef":2,"minecraft:granite":17,"minecraft:emerald":64,"minecraft:dirt":14,"minecraft:diorite":23,"minecraft:wooden_axe":2,"minecraft:wooden_sword":2,"minecraft:armadillo_scute":1,"minecraft:redstone":4,"minecraft:gravel":21,"minecraft:cobblestone_wall":1,"minecraft:stone_sword":1,"minecraft:cobbled_deepslate":479,"minecraft:tuff":100,"minecraft:rotten_flesh":9,"minecraft:light_gray_wool":1,"minecraft:andesite":10,"minecraft:wooden_pickaxe":1,"minecraft:stone_pickaxe":5,"minecraft:cartography_table":1,"minecraft:black_wool":1,"minecraft:egg":1},"minecraft:crafted":{"minecraft:wooden_sword":1,"minecraft:furnace":2,"minecraft:diamond_shovel":1,"minecraft:cooked_mutton":13,"minecraft:diamond_helmet":1,"minecraft:diamond_leggings":1,"minecraft:stone_pickaxe":12,"minecraft:chest":3,"minecraft:diamond_boots":1,"minecraft:stone_hoe":1,"minecraft:cooked_beef":61,"minecraft:diamond_sword":1,"minecraft:emerald":213,"minecraft:cooked_porkchop":15,"minecraft:diamond_axe":2,"minecraft:crafting_table":6,"minecraft:spruce_planks":2536,"minecraft:wooden_pickaxe":1,"minecraft:fletching_table":5,"minecraft:bucket":1,"minecraft:acacia_boat":1,"minecraft:air":0,"minecraft:spruce_trapdoor":2,"minecraft:diamond_pickaxe":2,"minecraft:emerald_block":23,"minecraft:shield":1,"minecraft:stick":4780,"minecraft:iron_ingot":15,"minecraft:iron_pickaxe":1,"minecraft:wooden_axe":1,"minecraft:stone_sword":1,"minecraft:iron_shovel":1,"minecraft:gold_ingot":40,"minecraft:white_bed":1,"minecraft:acacia_planks":76,"minecraft:torch":88,"minecraft:diamond_chestplate":1},"minecraft:picked_up":{"minecraft:wooden_axe":1,"minecraft:crafting_table":10,"minecraft:string":2,"minecraft:wooden_sword":1,"minecraft:cartography_table":1,"minecraft:cobbled_deepslate":611,"minecraft:spruce_planks":6,"minecraft:beef":63,"minecraft:light_gray_wool":1,"minecraft:sugar_cane":27,"minecraft:spruce_trapdoor":24,"minecraft:furnace":2,"minecraft:egg":1,"minecraft:stick":95,"minecraft:raw_iron":15,"minecraft:composter":1,"minecraft:torch":18,"minecraft:acacia_log":46,"minecraft:porkchop":19,"minecraft:diorite":32,"minecraft:carrot":1,"minecraft:redstone":4,"minecraft:arrow":4,"minecraft:rotten_flesh":21,"minecraft:armadillo_scute":1,"minecraft:mutton":12,"minecraft:white_wool":6,"minecraft:cobblestone":265,"minecraft:cooked_beef":3,"minecraft:andesite":10,"minecraft:leather":34,"minecraft:potato":22,"minecraft:flint":11,"minecraft:tuff":126,"minecraft:cobblestone_stairs":6,"minecraft:cobblestone_wall":5,"minecraft:gunpowder":1,"minecraft:acacia_boat":9,"minecraft:lapis_lazuli":14,"minecraft:dirt":80,"minecraft:blue_bed":1,"minecraft:bone":6,"minecraft:acacia_planks":7,"minecraft:stonecutter":1,"minecraft:bow":1,"minecraft:wheat_seeds":16,"minecraft:raw_gold":17,"minecraft:stone_pickaxe":1,"minecraft:grindstone":2,"minecraft:fletching_table":6,"minecraft:pumpkin":6,"minecraft:sweet_berries":23,"minecraft:gravel":166,"minecraft:spruce_sapling":127,"minecraft:spruce_log":932,"minecraft:cyan_bed":2,"minecraft:mossy_cobblestone":1,"minecraft:pumpkin_seeds":13,"minecraft:diamond":35,"minecraft:granite":21,"minecraft:black_wool":1,"minecraft:coal":139,"minecraft:ender_pearl":1},"minecraft:killed":{"minecraft:spider":1,"minecraft:skeleton":3,"minecraft:wolf":1,"minecraft:pig":5,"minecraft:creeper":1,"minecraft:sheep":7,"minecraft:zombie":12,"minecraft:cow":32,"minecraft:enderman":1}},"DataVersion":3953}