{"stats":{"minecraft:mined":{"minecraft:deepslate_redstone_ore":1,"minecraft:tuff":126,"minecraft:acacia_leaves":3,"minecraft:deepslate_diamond_ore":31,"minecraft:crafting_table":9,"minecraft:torch":3,"minecraft:granite":13,"minecraft:short_grass":51,"minecraft:acacia_log":40,"minecraft:tall_grass":5,"minecraft:cobblestone":6,"minecraft:spruce_leaves":65,"minecraft:cyan_bed":2,"minecraft:deepslate_gold_ore":14,"minecraft:sugar_cane":13,"minecraft:diorite":23,"minecraft:wall_torch":12,"minecraft:tall_seagrass":1,"minecraft:spruce_sapling":2,"minecraft:furnace":3,"minecraft:cobblestone_wall":1,"minecraft:iron_ore":8,"minecraft:cobbled_deepslate":4,"minecraft:ice":1,"minecraft:spruce_log":236,"minecraft:andesite":10,"minecraft:coal_ore":68,"minecraft:deepslate_iron_ore":7,"minecraft:gravel":14,"minecraft:dirt":3,"minecraft:stone":231,"minecraft:gold_ore":3,"minecraft:oak_leaves":3,"minecraft:deepslate":616},"minecraft:broken":{"minecraft:stone_pickaxe":8},"minecraft:used":{"minecraft:acacia_boat":9,"minecraft:stone_sword":5,"minecraft:stone_pickaxe":1079,"minecraft:chest":1,"minecraft:wooden_pickaxe":4,"minecraft:diamond_axe":301,"minecraft:torch":75,"minecraft:dirt":1,"minecraft:crafting_table":15,"minecraft:cobblestone_wall":1,"minecraft:white_bed":1,"minecraft:tuff":26,"minecraft:spruce_log":8,"minecraft:wooden_axe":41,"minecraft:diamond_pickaxe":23,"minecraft:cyan_bed":3,"minecraft:iron_pickaxe":77,"minecraft:spruce_sapling":14,"minecraft:diamond_sword":118,"minecraft:wooden_sword":75,"minecraft:cobblestone":7,"minecraft:furnace":4,"minecraft:bucket":1,"minecraft:cooked_beef":12,"minecraft:cobbled_deepslate":62},"minecraft:custom":{"minecraft:interact_with_furnace":39,"minecraft:mob_kills":57,"minecraft:interact_with_crafting_table":40,"minecraft:leave_game":5,"minecraft:time_since_death":115225,"minecraft:sleep_in_bed":5,"minecraft:climb_one_cm":501,"minecraft:time_since_rest":11729,"minecraft:sprint_one_cm":281722,"minecraft:damage_taken":231,"minecraft:walk_one_cm":225113,"minecraft:drop":38,"minecraft:damage_dealt":7151,"minecraft:swim_one_cm":12771,"minecraft:fly_one_cm":309628,"minecraft:player_kills":1,"minecraft:open_chest":15,"minecraft:crouch_one_cm":4080,"minecraft:play_time":115225,"minecraft:sneak_time":1663,"minecraft:walk_under_water_one_cm":1388,"minecraft:boat_one_cm":329751,"minecraft:jump":1836,"minecraft:walk_on_water_one_cm":6753,"minecraft:total_world_time":115225,"minecraft:fall_one_cm":26722},"minecraft:dropped":{"minecraft:gravel":21,"minecraft:wheat_seeds":7,"minecraft:cooked_beef":2,"minecraft:stone_sword":1,"minecraft:cobbled_deepslate":479,"minecraft:tuff":100,"minecraft:light_gray_wool":1,"minecraft:granite":13,"minecraft:dirt":2,"minecraft:diorite":23,"minecraft:wooden_axe":2,"minecraft:andesite":10,"minecraft:wooden_sword":2,"minecraft:armadillo_scute":1,"minecraft:wooden_pickaxe":1,"minecraft:stone_pickaxe":5,"minecraft:black_wool":1,"minecraft:egg":1,"minecraft:redstone":4},"minecraft:crafted":{"minecraft:cooked_beef":38,"minecraft:wooden_sword":1,"minecraft:diamond_sword":1,"minecraft:cooked_porkchop":15,"minecraft:diamond_axe":1,"minecraft:crafting_table":5,"minecraft:wooden_pickaxe":1,"minecraft:furnace":2,"minecraft:bucket":1,"minecraft:cooked_mutton":13,"minecraft:acacia_boat":1,"minecraft:air":0,"minecraft:diamond_helmet":1,"minecraft:diamond_leggings":1,"minecraft:diamond_pickaxe":1,"minecraft:shield":1,"minecraft:stick":60,"minecraft:iron_ingot":15,"minecraft:iron_pickaxe":1,"minecraft:stone_pickaxe":12,"minecraft:wooden_axe":1,"minecraft:stone_sword":1,"minecraft:gold_ingot":40,"minecraft:chest":1,"minecraft:diamond_boots":1,"minecraft:white_bed":1,"minecraft:acacia_planks":76,"minecraft:torch":88,"minecraft:diamond_chestplate":1},"minecraft:picked_up":{"minecraft:wooden_axe":1,"minecraft:crafting_table":10,"minecraft:cooked_beef":3,"minecraft:andesite":10,"minecraft:leather":34,"minecraft:tuff":126,"minecraft:cobblestone_wall":1,"minecraft:gunpowder":1,"minecraft:acacia_boat":9,"minecraft:dirt":3,"minecraft:wooden_sword":1,"minecraft:bone":4,"minecraft:acacia_planks":7,"minecraft:bow":1,"minecraft:wheat_seeds":11,"minecraft:cobbled_deepslate":611,"minecraft:raw_gold":17,"minecraft:beef":63,"minecraft:stone_pickaxe":1,"minecraft:light_gray_wool":1,"minecraft:sugar_cane":27,"minecraft:furnace":2,"minecraft:egg":1,"minecraft:stick":38,"minecraft:raw_iron":15,"minecraft:torch":16,"minecraft:acacia_log":46,"minecraft:gravel":21,"minecraft:porkchop":19,"minecraft:spruce_sapling":52,"minecraft:diorite":23,"minecraft:spruce_log":235,"minecraft:cyan_bed":2,"minecraft:redstone":4,"minecraft:rotten_flesh":5,"minecraft:arrow":2,"minecraft:diamond":31,"minecraft:armadillo_scute":1,"minecraft:granite":13,"minecraft:black_wool":1,"minecraft:mutton":12,"minecraft:coal":139,"minecraft:white_wool":6,"minecraft:cobblestone":235,"minecraft:ender_pearl":1},"minecraft:killed":{"minecraft:pig":5,"minecraft:spider":1,"minecraft:creeper":1,"minecraft:skeleton":2,"minecraft:sheep":7,"minecraft:zombie":8,"minecraft:enderman":1,"minecraft:cow":32}},"DataVersion":3953}