{"stats":{"minecraft:mined":{"minecraft:acacia_leaves":3,"minecraft:furnace":1,"minecraft:andesite":5,"minecraft:torch":1,"minecraft:crafting_table":2,"minecraft:granite":13,"minecraft:short_grass":18,"minecraft:acacia_log":40,"minecraft:coal_ore":54,"minecraft:dirt":2,"minecraft:cobblestone":2,"minecraft:stone":189,"minecraft:sugar_cane":8,"minecraft:diorite":2,"minecraft:wall_torch":4},"minecraft:broken":{"minecraft:stone_pickaxe":2},"minecraft:used":{"minecraft:wooden_axe":41,"minecraft:stone_pickaxe":266,"minecraft:wooden_pickaxe":4,"minecraft:torch":17,"minecraft:wooden_sword":75,"minecraft:cobblestone":6,"minecraft:crafting_table":4,"minecraft:furnace":1,"minecraft:white_bed":1,"minecraft:cooked_beef":2},"minecraft:custom":{"minecraft:time_since_rest":7393,"minecraft:interact_with_furnace":6,"minecraft:sprint_one_cm":33796,"minecraft:damage_taken":10,"minecraft:walk_one_cm":64458,"minecraft:mob_kills":19,"minecraft:drop":8,"minecraft:damage_dealt":1751,"minecraft:interact_with_crafting_table":8,"minecraft:swim_one_cm":497,"minecraft:fly_one_cm":56747,"minecraft:crouch_one_cm":40,"minecraft:play_time":24178,"minecraft:sneak_time":32,"minecraft:walk_under_water_one_cm":140,"minecraft:jump":355,"minecraft:time_since_death":24178,"minecraft:walk_on_water_one_cm":1155,"minecraft:sleep_in_bed":1,"minecraft:total_world_time":24178,"minecraft:fall_one_cm":7323},"minecraft:dropped":{"minecraft:dirt":2,"minecraft:wheat_seeds":7,"minecraft:wooden_axe":1,"minecraft:wooden_sword":2,"minecraft:wooden_pickaxe":1},"minecraft:crafted":{"minecraft:cooked_beef":13,"minecraft:wooden_sword":1,"minecraft:crafting_table":2,"minecraft:stick":24,"minecraft:wooden_pickaxe":1,"minecraft:stone_pickaxe":3,"minecraft:wooden_axe":1,"minecraft:stone_sword":1,"minecraft:furnace":1,"minecraft:white_bed":1,"minecraft:acacia_planks":40,"minecraft:torch":48,"minecraft:air":0},"minecraft:picked_up":{"minecraft:crafting_table":2,"minecraft:cooked_beef":3,"minecraft:andesite":5,"minecraft:leather":11,"minecraft:torch":5,"minecraft:acacia_log":40,"minecraft:porkchop":12,"minecraft:diorite":2,"minecraft:dirt":2,"minecraft:wooden_sword":1,"minecraft:wheat_seeds":7,"minecraft:granite":13,"minecraft:beef":16,"minecraft:armadillo_scute":1,"minecraft:sugar_cane":15,"minecraft:black_wool":1,"minecraft:mutton":7,"minecraft:coal":62,"minecraft:furnace":1,"minecraft:white_wool":4,"minecraft:cobblestone":190,"minecraft:egg":1},"minecraft:killed":{"minecraft:sheep":5,"minecraft:pig":4,"minecraft:cow":10}},"DataVersion":3953}