{"stats":{"minecraft:mined":{"minecraft:deepslate_redstone_ore":1,"minecraft:tuff":19,"minecraft:acacia_leaves":3,"minecraft:deepslate_diamond_ore":10,"minecraft:crafting_table":4,"minecraft:torch":3,"minecraft:granite":13,"minecraft:short_grass":18,"minecraft:acacia_log":40,"minecraft:cobblestone":2,"minecraft:sugar_cane":8,"minecraft:diorite":23,"minecraft:wall_torch":9,"minecraft:furnace":2,"minecraft:iron_ore":8,"minecraft:cobbled_deepslate":3,"minecraft:andesite":10,"minecraft:coal_ore":54,"minecraft:deepslate_iron_ore":1,"minecraft:gravel":9,"minecraft:dirt":2,"minecraft:stone":223,"minecraft:deepslate":199},"minecraft:broken":{"minecraft:stone_pickaxe":4},"minecraft:used":{"minecraft:stone_sword":5,"minecraft:stone_pickaxe":561,"minecraft:wooden_pickaxe":4,"minecraft:torch":48,"minecraft:crafting_table":7,"minecraft:white_bed":1,"minecraft:wooden_axe":41,"minecraft:iron_pickaxe":14,"minecraft:wooden_sword":75,"minecraft:cobblestone":6,"minecraft:furnace":2,"minecraft:cooked_beef":2,"minecraft:cobbled_deepslate":57},"minecraft:custom":{"minecraft:interact_with_furnace":16,"minecraft:mob_kills":19,"minecraft:interact_with_crafting_table":14,"minecraft:leave_game":3,"minecraft:time_since_death":43818,"minecraft:sleep_in_bed":1,"minecraft:time_since_rest":27033,"minecraft:sprint_one_cm":45622,"minecraft:damage_taken":53,"minecraft:walk_one_cm":107658,"minecraft:drop":16,"minecraft:damage_dealt":1951,"minecraft:swim_one_cm":497,"minecraft:fly_one_cm":60525,"minecraft:player_kills":1,"minecraft:crouch_one_cm":3450,"minecraft:play_time":43818,"minecraft:sneak_time":1271,"minecraft:walk_under_water_one_cm":140,"minecraft:jump":529,"minecraft:walk_on_water_one_cm":1155,"minecraft:total_world_time":43818,"minecraft:fall_one_cm":7658},"minecraft:dropped":{"minecraft:gravel":16,"minecraft:wheat_seeds":7,"minecraft:cobbled_deepslate":78,"minecraft:granite":13,"minecraft:dirt":2,"minecraft:wooden_axe":2,"minecraft:andesite":10,"minecraft:wooden_sword":2,"minecraft:armadillo_scute":1,"minecraft:wooden_pickaxe":1,"minecraft:egg":1},"minecraft:crafted":{"minecraft:cooked_beef":13,"minecraft:wooden_sword":1,"minecraft:crafting_table":3,"minecraft:wooden_pickaxe":1,"minecraft:furnace":1,"minecraft:air":0,"minecraft:stick":32,"minecraft:iron_ingot":9,"minecraft:iron_pickaxe":1,"minecraft:stone_pickaxe":6,"minecraft:wooden_axe":1,"minecraft:stone_sword":1,"minecraft:white_bed":1,"minecraft:acacia_planks":40,"minecraft:torch":48},"minecraft:picked_up":{"minecraft:wooden_axe":1,"minecraft:crafting_table":5,"minecraft:cooked_beef":3,"minecraft:andesite":10,"minecraft:leather":14,"minecraft:tuff":19,"minecraft:dirt":2,"minecraft:wooden_sword":1,"minecraft:acacia_planks":7,"minecraft:wheat_seeds":7,"minecraft:cobbled_deepslate":197,"minecraft:beef":22,"minecraft:light_gray_wool":1,"minecraft:sugar_cane":15,"minecraft:egg":1,"minecraft:furnace":1,"minecraft:stick":2,"minecraft:raw_iron":9,"minecraft:torch":12,"minecraft:acacia_log":46,"minecraft:gravel":16,"minecraft:porkchop":16,"minecraft:diorite":23,"minecraft:redstone":4,"minecraft:diamond":10,"minecraft:granite":13,"minecraft:armadillo_scute":1,"minecraft:black_wool":1,"minecraft:mutton":8,"minecraft:coal":100,"minecraft:white_wool":4,"minecraft:cobblestone":224},"minecraft:killed":{"minecraft:pig":4,"minecraft:sheep":5,"minecraft:cow":10}},"DataVersion":3953}