{"stats":{"minecraft:mined":{"minecraft:deepslate_redstone_ore":9,"minecraft:tuff":2,"minecraft:white_bed":2,"minecraft:deepslate_diamond_ore":32,"minecraft:stone_brick_slab":1,"minecraft:obsidian":2,"minecraft:crafting_table":8,"minecraft:cave_vines_plant":1,"minecraft:granite":1,"minecraft:short_grass":7,"minecraft:grass_block":4,"minecraft:jungle_planks":3,"minecraft:jungle_log":11,"minecraft:tall_grass":1,"minecraft:cobblestone":17,"minecraft:moss_block":14,"minecraft:oak_planks":9,"minecraft:sugar_cane":1,"minecraft:spawner":1,"minecraft:raw_iron_block":1,"minecraft:furnace":6,"minecraft:iron_ore":19,"minecraft:enchanting_table":1,"minecraft:deepslate_lapis_ore":4,"minecraft:stone_brick_stairs":1,"minecraft:fletching_table":1,"minecraft:gold_block":3,"minecraft:oak_log":11,"minecraft:coal_ore":22,"minecraft:deepslate_iron_ore":42,"minecraft:cave_vines":2,"minecraft:dirt_path":1,"minecraft:vine":1,"minecraft:gravel":1,"minecraft:dirt":7,"minecraft:stone":99,"minecraft:deepslate":40,"minecraft:oak_leaves":4,"minecraft:fern":2},"minecraft:broken":{"minecraft:stone_pickaxe":1,"minecraft:stone_axe":1},"minecraft:custom":{"minecraft:interact_with_furnace":48,"minecraft:mob_kills":59,"minecraft:interact_with_crafting_table":26,"minecraft:sleep_in_bed":3,"minecraft:time_since_death":61435,"minecraft:climb_one_cm":1709,"minecraft:time_since_rest":192,"minecraft:sprint_one_cm":185703,"minecraft:damage_taken":810,"minecraft:walk_one_cm":163146,"minecraft:damage_blocked_by_shield":517,"minecraft:drop":15,"minecraft:damage_dealt":9080,"minecraft:swim_one_cm":1946,"minecraft:fly_one_cm":242384,"minecraft:open_chest":5,"minecraft:crouch_one_cm":21194,"minecraft:play_time":61435,"minecraft:sneak_time":7340,"minecraft:walk_under_water_one_cm":637,"minecraft:jump":1333,"minecraft:walk_on_water_one_cm":6411,"minecraft:enchant_item":8,"minecraft:total_world_time":61435,"minecraft:fall_one_cm":45022},"minecraft:used":{"minecraft:cooked_mutton":7,"minecraft:water_bucket":3,"minecraft:enchanting_table":2,"minecraft:stone_pickaxe":132,"minecraft:oak_planks":7,"minecraft:shield":11,"minecraft:wooden_pickaxe":14,"minecraft:iron_sword":88,"minecraft:cooked_chicken":2,"minecraft:iron_chestplate":1,"minecraft:torch":46,"minecraft:dirt":8,"minecraft:crafting_table":9,"minecraft:jungle_planks":8,"minecraft:white_bed":2,"minecraft:granite":1,"minecraft:stone_brick_slab":1,"minecraft:diamond_pickaxe":2,"minecraft:iron_axe":3,"minecraft:iron_pickaxe":179,"minecraft:iron_helmet":1,"minecraft:iron_boots":1,"minecraft:fire_charge":2,"minecraft:stone_axe":90,"minecraft:cobblestone":53,"minecraft:furnace":6,"minecraft:cooked_porkchop":5,"minecraft:bucket":4,"minecraft:cooked_beef":1,"minecraft:iron_leggings":1},"minecraft:dropped":{"minecraft:moss_block":4,"minecraft:cocoa_beans":3,"minecraft:rotten_flesh":10,"minecraft:glow_berries":1,"minecraft:light_gray_wool":1,"minecraft:fletching_table":1,"minecraft:fire_charge":2,"minecraft:stone_pickaxe":1,"minecraft:stone_brick_stairs":1,"minecraft:bone":6,"minecraft:egg":2},"minecraft:crafted":{"minecraft:cooked_beef":1,"minecraft:oak_planks":44,"minecraft:raw_iron":9,"minecraft:cooked_porkchop":7,"minecraft:crafting_table":1,"minecraft:enchanting_table":1,"minecraft:iron_helmet":1,"minecraft:wooden_pickaxe":1,"minecraft:cooked_chicken":2,"minecraft:iron_sword":1,"minecraft:furnace":2,"minecraft:bucket":1,"minecraft:stone_axe":1,"minecraft:cooked_mutton":9,"minecraft:air":0,"minecraft:jungle_planks":44,"minecraft:diamond_leggings":1,"minecraft:diamond_pickaxe":1,"minecraft:iron_boots":1,"minecraft:iron_chestplate":1,"minecraft:book":1,"minecraft:paper":3,"minecraft:shield":1,"minecraft:iron_axe":1,"minecraft:stick":24,"minecraft:iron_ingot":33,"minecraft:iron_pickaxe":1,"minecraft:stone_pickaxe":1,"minecraft:iron_leggings":1,"minecraft:gold_ingot":27,"minecraft:torch":44,"minecraft:diamond_chestplate":1},"minecraft:picked_up":{"minecraft:enchanting_table":1,"minecraft:cocoa_beans":3,"minecraft:crafting_table":8,"minecraft:chicken":2,"minecraft:jungle_log":11,"minecraft:leather":4,"minecraft:gold_block":3,"minecraft:stone_brick_stairs":1,"minecraft:oak_log":11,"minecraft:lapis_lazuli":30,"minecraft:dirt":12,"minecraft:string":2,"minecraft:bone":6,"minecraft:cobbled_deepslate":33,"minecraft:stone_pickaxe":1,"minecraft:iron_ingot":5,"minecraft:beef":9,"minecraft:fletching_table":2,"minecraft:light_gray_wool":1,"minecraft:moss_block":4,"minecraft:sugar_cane":4,"minecraft:oak_planks":9,"minecraft:egg":2,"minecraft:furnace":6,"minecraft:raw_iron":60,"minecraft:raw_iron_block":1,"minecraft:stone_brick_slab":1,"minecraft:fire_charge":2,"minecraft:jungle_planks":3,"minecraft:porkchop":13,"minecraft:redstone":13,"minecraft:white_bed":2,"minecraft:spider_eye":3,"minecraft:rotten_flesh":14,"minecraft:arrow":1,"minecraft:diamond":32,"minecraft:granite":1,"minecraft:obsidian":2,"minecraft:glow_berries":1,"minecraft:mutton":11,"minecraft:coal":22,"minecraft:white_wool":5,"minecraft:cobblestone":112},"minecraft:killed":{"minecraft:pig":8,"minecraft:spider":4,"minecraft:iron_golem":1,"minecraft:creeper":3,"minecraft:sheep":6,"minecraft:skeleton":10,"minecraft:zombie":20,"minecraft:chicken":2,"minecraft:cow":4}},"DataVersion":3953}