{"stats":{"minecraft:mined":{"minecraft:white_bed":1,"minecraft:stone_brick_slab":1,"minecraft:crafting_table":3,"minecraft:granite":1,"minecraft:short_grass":4,"minecraft:grass_block":1,"minecraft:jungle_log":6,"minecraft:tall_grass":1,"minecraft:cobblestone":2,"minecraft:oak_planks":9,"minecraft:sugar_cane":1,"minecraft:furnace":1,"minecraft:iron_ore":4,"minecraft:fletching_table":1,"minecraft:gold_block":2,"minecraft:oak_log":6,"minecraft:coal_ore":22,"minecraft:dirt_path":1,"minecraft:vine":1,"minecraft:dirt":6,"minecraft:stone":56,"minecraft:oak_leaves":3},"minecraft:used":{"minecraft:stone_pickaxe":81,"minecraft:oak_planks":7,"minecraft:wooden_pickaxe":14,"minecraft:cooked_chicken":2,"minecraft:dirt":8,"minecraft:crafting_table":3,"minecraft:granite":1,"minecraft:stone_brick_slab":1,"minecraft:iron_pickaxe":2,"minecraft:stone_axe":39,"minecraft:cobblestone":5,"minecraft:furnace":2},"minecraft:custom":{"minecraft:interact_with_furnace":12,"minecraft:mob_kills":15,"minecraft:interact_with_crafting_table":8,"minecraft:time_since_death":13435,"minecraft:climb_one_cm":111,"minecraft:time_since_rest":13435,"minecraft:sprint_one_cm":36488,"minecraft:damage_taken":70,"minecraft:walk_one_cm":30389,"minecraft:damage_dealt":1260,"minecraft:fly_one_cm":83797,"minecraft:open_chest":1,"minecraft:crouch_one_cm":4746,"minecraft:play_time":13435,"minecraft:sneak_time":1859,"minecraft:jump":354,"minecraft:walk_on_water_one_cm":936,"minecraft:total_world_time":13435,"minecraft:fall_one_cm":13378},"minecraft:crafted":{"minecraft:oak_planks":24,"minecraft:cooked_porkchop":1,"minecraft:crafting_table":1,"minecraft:wooden_pickaxe":1,"minecraft:cooked_chicken":2,"minecraft:furnace":1,"minecraft:stone_axe":1,"minecraft:cooked_mutton":9,"minecraft:air":0,"minecraft:jungle_planks":24,"minecraft:stick":8,"minecraft:iron_pickaxe":1,"minecraft:stone_pickaxe":1},"minecraft:picked_up":{"minecraft:cocoa_beans":3,"minecraft:crafting_table":3,"minecraft:chicken":2,"minecraft:jungle_log":6,"minecraft:leather":1,"minecraft:gold_block":2,"minecraft:oak_log":6,"minecraft:dirt":8,"minecraft:string":2,"minecraft:iron_ingot":4,"minecraft:beef":1,"minecraft:fletching_table":1,"minecraft:light_gray_wool":1,"minecraft:sugar_cane":4,"minecraft:oak_planks":9,"minecraft:furnace":1,"minecraft:raw_iron":4,"minecraft:stone_brick_slab":1,"minecraft:porkchop":8,"minecraft:white_bed":1,"minecraft:spider_eye":1,"minecraft:granite":1,"minecraft:mutton":9,"minecraft:coal":21,"minecraft:white_wool":4,"minecraft:cobblestone":58},"minecraft:killed":{"minecraft:pig":5,"minecraft:spider":1,"minecraft:iron_golem":1,"minecraft:sheep":5,"minecraft:chicken":2,"minecraft:cow":1}},"DataVersion":3953}