{"stats":{"minecraft:mined":{"minecraft:white_bed":1,"minecraft:stone_brick_slab":1,"minecraft:crafting_table":4,"minecraft:cave_vines_plant":1,"minecraft:granite":1,"minecraft:short_grass":7,"minecraft:grass_block":4,"minecraft:jungle_planks":3,"minecraft:jungle_log":11,"minecraft:tall_grass":1,"minecraft:cobblestone":2,"minecraft:moss_block":11,"minecraft:oak_planks":9,"minecraft:sugar_cane":1,"minecraft:furnace":2,"minecraft:iron_ore":12,"minecraft:stone_brick_stairs":1,"minecraft:fletching_table":1,"minecraft:gold_block":3,"minecraft:oak_log":11,"minecraft:coal_ore":22,"minecraft:dirt_path":1,"minecraft:vine":1,"minecraft:dirt":7,"minecraft:stone":88,"minecraft:oak_leaves":4,"minecraft:fern":2},"minecraft:broken":{"minecraft:stone_pickaxe":1},"minecraft:used":{"minecraft:stone_pickaxe":132,"minecraft:oak_planks":7,"minecraft:shield":2,"minecraft:wooden_pickaxe":14,"minecraft:cooked_chicken":2,"minecraft:torch":9,"minecraft:dirt":8,"minecraft:crafting_table":4,"minecraft:jungle_planks":7,"minecraft:granite":1,"minecraft:stone_brick_slab":1,"minecraft:iron_pickaxe":4,"minecraft:stone_axe":71,"minecraft:cobblestone":8,"minecraft:furnace":3,"minecraft:cooked_beef":1},"minecraft:custom":{"minecraft:interact_with_furnace":26,"minecraft:mob_kills":23,"minecraft:interact_with_crafting_table":9,"minecraft:time_since_death":25435,"minecraft:climb_one_cm":1544,"minecraft:time_since_rest":25435,"minecraft:sprint_one_cm":73869,"minecraft:damage_taken":90,"minecraft:walk_one_cm":51899,"minecraft:damage_blocked_by_shield":80,"minecraft:drop":5,"minecraft:damage_dealt":2230,"minecraft:swim_one_cm":1946,"minecraft:fly_one_cm":135598,"minecraft:open_chest":2,"minecraft:crouch_one_cm":9697,"minecraft:play_time":25435,"minecraft:sneak_time":3342,"minecraft:walk_under_water_one_cm":637,"minecraft:jump":631,"minecraft:walk_on_water_one_cm":3923,"minecraft:total_world_time":25435,"minecraft:fall_one_cm":23305},"minecraft:dropped":{"minecraft:moss_block":1,"minecraft:cocoa_beans":3,"minecraft:light_gray_wool":1,"minecraft:stone_pickaxe":1,"minecraft:stone_brick_stairs":1},"minecraft:crafted":{"minecraft:cooked_beef":1,"minecraft:oak_planks":24,"minecraft:cooked_porkchop":7,"minecraft:crafting_table":1,"minecraft:wooden_pickaxe":1,"minecraft:cooked_chicken":2,"minecraft:furnace":1,"minecraft:stone_axe":1,"minecraft:cooked_mutton":9,"minecraft:air":0,"minecraft:jungle_planks":44,"minecraft:book":1,"minecraft:paper":3,"minecraft:shield":1,"minecraft:stick":20,"minecraft:iron_ingot":9,"minecraft:iron_pickaxe":1,"minecraft:stone_pickaxe":1,"minecraft:torch":36},"minecraft:picked_up":{"minecraft:cocoa_beans":3,"minecraft:crafting_table":4,"minecraft:chicken":2,"minecraft:jungle_log":11,"minecraft:leather":4,"minecraft:gold_block":3,"minecraft:stone_brick_stairs":1,"minecraft:oak_log":11,"minecraft:dirt":12,"minecraft:string":2,"minecraft:bone":2,"minecraft:stone_pickaxe":1,"minecraft:iron_ingot":4,"minecraft:beef":9,"minecraft:fletching_table":1,"minecraft:light_gray_wool":1,"minecraft:moss_block":1,"minecraft:sugar_cane":4,"minecraft:oak_planks":9,"minecraft:egg":2,"minecraft:furnace":2,"minecraft:raw_iron":11,"minecraft:stone_brick_slab":1,"minecraft:jungle_planks":3,"minecraft:porkchop":13,"minecraft:white_bed":1,"minecraft:spider_eye":1,"minecraft:arrow":1,"minecraft:granite":1,"minecraft:mutton":11,"minecraft:coal":22,"minecraft:white_wool":5,"minecraft:cobblestone":86},"minecraft:killed":{"minecraft:pig":8,"minecraft:spider":1,"minecraft:iron_golem":1,"minecraft:sheep":6,"minecraft:skeleton":1,"minecraft:chicken":2,"minecraft:cow":4}},"DataVersion":3953}