{"stats":{"minecraft:mined":{"minecraft:deepslate_redstone_ore":6,"minecraft:tuff":1,"minecraft:white_bed":1,"minecraft:deepslate_diamond_ore":4,"minecraft:stone_brick_slab":1,"minecraft:crafting_table":5,"minecraft:cave_vines_plant":1,"minecraft:granite":1,"minecraft:short_grass":7,"minecraft:grass_block":4,"minecraft:jungle_planks":3,"minecraft:jungle_log":11,"minecraft:tall_grass":1,"minecraft:cobblestone":2,"minecraft:moss_block":14,"minecraft:oak_planks":9,"minecraft:sugar_cane":1,"minecraft:furnace":5,"minecraft:iron_ore":19,"minecraft:deepslate_lapis_ore":4,"minecraft:stone_brick_stairs":1,"minecraft:fletching_table":1,"minecraft:gold_block":3,"minecraft:oak_log":11,"minecraft:coal_ore":22,"minecraft:deepslate_iron_ore":16,"minecraft:cave_vines":2,"minecraft:dirt_path":1,"minecraft:vine":1,"minecraft:dirt":7,"minecraft:stone":99,"minecraft:deepslate":5,"minecraft:oak_leaves":4,"minecraft:fern":2},"minecraft:broken":{"minecraft:stone_pickaxe":1,"minecraft:stone_axe":1},"minecraft:custom":{"minecraft:interact_with_furnace":47,"minecraft:mob_kills":31,"minecraft:interact_with_crafting_table":18,"minecraft:time_since_death":37435,"minecraft:climb_one_cm":1709,"minecraft:time_since_rest":37435,"minecraft:sprint_one_cm":100028,"minecraft:damage_taken":318,"minecraft:walk_one_cm":90730,"minecraft:damage_blocked_by_shield":387,"minecraft:drop":10,"minecraft:damage_dealt":3855,"minecraft:swim_one_cm":1946,"minecraft:fly_one_cm":168390,"minecraft:open_chest":2,"minecraft:crouch_one_cm":12328,"minecraft:play_time":37435,"minecraft:sneak_time":4302,"minecraft:walk_under_water_one_cm":637,"minecraft:jump":865,"minecraft:walk_on_water_one_cm":3923,"minecraft:total_world_time":37435,"minecraft:fall_one_cm":32275},"minecraft:used":{"minecraft:cooked_mutton":3,"minecraft:stone_pickaxe":132,"minecraft:oak_planks":7,"minecraft:shield":7,"minecraft:wooden_pickaxe":14,"minecraft:cooked_chicken":2,"minecraft:iron_chestplate":1,"minecraft:torch":31,"minecraft:dirt":8,"minecraft:crafting_table":6,"minecraft:jungle_planks":8,"minecraft:white_bed":1,"minecraft:granite":1,"minecraft:stone_brick_slab":1,"minecraft:iron_pickaxe":66,"minecraft:iron_helmet":1,"minecraft:iron_boots":1,"minecraft:fire_charge":2,"minecraft:stone_axe":90,"minecraft:cobblestone":8,"minecraft:furnace":6,"minecraft:cooked_beef":1,"minecraft:iron_leggings":1},"minecraft:dropped":{"minecraft:moss_block":4,"minecraft:cocoa_beans":3,"minecraft:light_gray_wool":1,"minecraft:fletching_table":1,"minecraft:fire_charge":2,"minecraft:stone_pickaxe":1,"minecraft:stone_brick_stairs":1,"minecraft:bone":2,"minecraft:egg":2},"minecraft:crafted":{"minecraft:cooked_beef":1,"minecraft:oak_planks":44,"minecraft:cooked_porkchop":7,"minecraft:crafting_table":1,"minecraft:iron_helmet":1,"minecraft:wooden_pickaxe":1,"minecraft:cooked_chicken":2,"minecraft:furnace":2,"minecraft:stone_axe":1,"minecraft:cooked_mutton":9,"minecraft:air":0,"minecraft:jungle_planks":44,"minecraft:diamond_pickaxe":1,"minecraft:iron_boots":1,"minecraft:iron_chestplate":1,"minecraft:book":1,"minecraft:paper":3,"minecraft:shield":1,"minecraft:stick":20,"minecraft:iron_ingot":28,"minecraft:iron_pickaxe":1,"minecraft:stone_pickaxe":1,"minecraft:iron_leggings":1,"minecraft:gold_ingot":27,"minecraft:torch":36},"minecraft:picked_up":{"minecraft:cocoa_beans":3,"minecraft:crafting_table":5,"minecraft:chicken":2,"minecraft:jungle_log":11,"minecraft:leather":4,"minecraft:gold_block":3,"minecraft:stone_brick_stairs":1,"minecraft:oak_log":11,"minecraft:lapis_lazuli":30,"minecraft:dirt":12,"minecraft:string":2,"minecraft:bone":2,"minecraft:cobbled_deepslate":2,"minecraft:stone_pickaxe":1,"minecraft:iron_ingot":4,"minecraft:beef":9,"minecraft:fletching_table":2,"minecraft:light_gray_wool":1,"minecraft:moss_block":4,"minecraft:sugar_cane":4,"minecraft:oak_planks":9,"minecraft:egg":2,"minecraft:furnace":5,"minecraft:raw_iron":34,"minecraft:stone_brick_slab":1,"minecraft:fire_charge":2,"minecraft:jungle_planks":3,"minecraft:porkchop":13,"minecraft:white_bed":1,"minecraft:spider_eye":1,"minecraft:arrow":1,"minecraft:diamond":4,"minecraft:granite":1,"minecraft:glow_berries":1,"minecraft:mutton":11,"minecraft:coal":22,"minecraft:white_wool":5,"minecraft:cobblestone":97},"minecraft:killed":{"minecraft:pig":8,"minecraft:spider":1,"minecraft:iron_golem":1,"minecraft:sheep":6,"minecraft:skeleton":4,"minecraft:zombie":4,"minecraft:chicken":2,"minecraft:cow":4}},"DataVersion":3953}