{"stats":{"minecraft:broken":{"minecraft:stone_pickaxe":1,"minecraft:stone_axe":1},"minecraft:mined":{"minecraft:tuff":8,"minecraft:white_bed":3,"minecraft:deepslate_diamond_ore":35,"minecraft:obsidian":2,"minecraft:cave_vines_plant":1,"minecraft:granite":1,"minecraft:grass_block":4,"minecraft:jungle_planks":3,"minecraft:jungle_log":11,"minecraft:moss_block":14,"minecraft:spawner":1,"minecraft:raw_iron_block":1,"minecraft:furnace":8,"minecraft:iron_ore":19,"minecraft:anvil":1,"minecraft:fletching_table":1,"minecraft:deepslate_lapis_ore":7,"minecraft:gold_block":3,"minecraft:enchanting_table":2,"minecraft:vine":1,"minecraft:cave_vines":2,"minecraft:deepslate_iron_ore":64,"minecraft:dirt_path":1,"minecraft:stone":99,"minecraft:deepslate_redstone_ore":9,"minecraft:stone_brick_slab":1,"minecraft:crafting_table":9,"minecraft:short_grass":7,"minecraft:cobblestone":22,"minecraft:tall_grass":1,"minecraft:sugar_cane":1,"minecraft:oak_planks":9,"minecraft:stone_brick_stairs":1,"minecraft:coal_ore":22,"minecraft:oak_log":11,"minecraft:gravel":1,"minecraft:dirt":7,"minecraft:fern":2,"minecraft:oak_leaves":4,"minecraft:deepslate":42},"minecraft:custom":{"minecraft:interact_with_anvil":1,"minecraft:mob_kills":68,"minecraft:interact_with_crafting_table":32,"minecraft:time_since_death":73435,"minecraft:climb_one_cm":1709,"minecraft:sprint_one_cm":209115,"minecraft:walk_one_cm":198400,"minecraft:damage_blocked_by_shield":747,"minecraft:drop":23,"minecraft:play_time":73435,"minecraft:sneak_time":8251,"minecraft:walk_under_water_one_cm":637,"minecraft:jump":1546,"minecraft:walk_on_water_one_cm":6411,"minecraft:enchant_item":13,"minecraft:total_world_time":73435,"minecraft:interact_with_furnace":90,"minecraft:sleep_in_bed":4,"minecraft:time_since_rest":11729,"minecraft:damage_taken":981,"minecraft:damage_dealt":10744,"minecraft:swim_one_cm":1946,"minecraft:fly_one_cm":280598,"minecraft:open_chest":5,"minecraft:crouch_one_cm":24807,"minecraft:fall_one_cm":51614},"minecraft:used":{"minecraft:enchanting_table":2,"minecraft:shield":20,"minecraft:iron_sword":114,"minecraft:cooked_chicken":2,"minecraft:iron_chestplate":1,"minecraft:torch":48,"minecraft:dirt":8,"minecraft:anvil":1,"minecraft:jungle_planks":8,"minecraft:granite":1,"minecraft:stone_brick_slab":1,"minecraft:iron_axe":4,"minecraft:iron_helmet":1,"minecraft:iron_boots":1,"minecraft:furnace":8,"minecraft:cooked_beef":1,"minecraft:iron_leggings":1,"minecraft:cooked_mutton":9,"minecraft:water_bucket":3,"minecraft:stone_pickaxe":132,"minecraft:oak_planks":7,"minecraft:wooden_pickaxe":14,"minecraft:crafting_table":9,"minecraft:white_bed":2,"minecraft:diamond_pickaxe":2,"minecraft:iron_pickaxe":225,"minecraft:stone_axe":90,"minecraft:fire_charge":2,"minecraft:cobblestone":62,"minecraft:cooked_porkchop":6,"minecraft:bucket":4},"minecraft:dropped":{"minecraft:moss_block":4,"minecraft:iron_helmet":1,"minecraft:glow_berries":1,"minecraft:fletching_table":1,"minecraft:dirt":4,"minecraft:fire_charge":2,"minecraft:iron_leggings":1,"minecraft:bone":10,"minecraft:cocoa_beans":3,"minecraft:tuff":5,"minecraft:rotten_flesh":16,"minecraft:light_gray_wool":1,"minecraft:iron_boots":1,"minecraft:iron_chestplate":1,"minecraft:stone_pickaxe":1,"minecraft:stone_brick_stairs":1,"minecraft:egg":2},"minecraft:crafted":{"minecraft:oak_planks":44,"minecraft:raw_iron":9,"minecraft:cooked_chicken":2,"minecraft:furnace":2,"minecraft:cooked_mutton":9,"minecraft:diamond_helmet":1,"minecraft:iron_boots":1,"minecraft:diamond_leggings":1,"minecraft:iron_axe":1,"minecraft:stone_pickaxe":1,"minecraft:diamond_boots":1,"minecraft:cooked_beef":1,"minecraft:cooked_porkchop":12,"minecraft:crafting_table":1,"minecraft:enchanting_table":1,"minecraft:wooden_pickaxe":1,"minecraft:iron_helmet":1,"minecraft:iron_sword":2,"minecraft:bucket":1,"minecraft:stone_axe":1,"minecraft:air":0,"minecraft:jungle_planks":44,"minecraft:book":1,"minecraft:iron_chestplate":1,"minecraft:paper":3,"minecraft:diamond_pickaxe":1,"minecraft:shield":1,"minecraft:stick":28,"minecraft:iron_ingot":90,"minecraft:iron_pickaxe":1,"minecraft:iron_block":3,"minecraft:gold_ingot":27,"minecraft:iron_leggings":1,"minecraft:anvil":1,"minecraft:torch":44,"minecraft:diamond_chestplate":1},"minecraft:picked_up":{"minecraft:cocoa_beans":3,"minecraft:crafting_table":9,"minecraft:chicken":2,"minecraft:anvil":1,"minecraft:gold_block":3,"minecraft:stone_brick_stairs":1,"minecraft:string":2,"minecraft:cobbled_deepslate":35,"minecraft:beef":9,"minecraft:light_gray_wool":1,"minecraft:sugar_cane":4,"minecraft:furnace":8,"minecraft:egg":2,"minecraft:raw_iron":85,"minecraft:fire_charge":2,"minecraft:porkchop":13,"minecraft:redstone":13,"minecraft:arrow":6,"minecraft:rotten_flesh":16,"minecraft:mutton":11,"minecraft:glow_berries":1,"minecraft:obsidian":2,"minecraft:white_wool":5,"minecraft:cobblestone":117,"minecraft:enchanting_table":2,"minecraft:jungle_log":11,"minecraft:leather":4,"minecraft:tuff":5,"minecraft:oak_log":11,"minecraft:lapis_lazuli":53,"minecraft:dirt":12,"minecraft:bone":19,"minecraft:iron_ingot":5,"minecraft:stone_pickaxe":1,"minecraft:fletching_table":2,"minecraft:moss_block":4,"minecraft:oak_planks":9,"minecraft:stone_brick_slab":1,"minecraft:raw_iron_block":1,"minecraft:jungle_planks":3,"minecraft:white_bed":3,"minecraft:spider_eye":3,"minecraft:diamond":35,"minecraft:granite":1,"minecraft:coal":22},"minecraft:killed":{"minecraft:spider":4,"minecraft:skeleton":18,"minecraft:chicken":2,"minecraft:pig":8,"minecraft:iron_golem":1,"minecraft:creeper":3,"minecraft:sheep":6,"minecraft:zombie":21,"minecraft:cow":4}},"DataVersion":3953}