{"stats":{"minecraft:broken":{"minecraft:stone_pickaxe":1,"minecraft:stone_axe":1,"minecraft:iron_pickaxe":1},"minecraft:mined":{"minecraft:tuff":8,"minecraft:white_bed":3,"minecraft:deepslate_diamond_ore":49,"minecraft:obsidian":2,"minecraft:cave_vines_plant":1,"minecraft:granite":2,"minecraft:grass_block":9,"minecraft:jungle_planks":3,"minecraft:jungle_log":11,"minecraft:moss_block":14,"minecraft:sandstone":13,"minecraft:spawner":2,"minecraft:raw_iron_block":1,"minecraft:furnace":10,"minecraft:iron_ore":23,"minecraft:cobbled_deepslate":2,"minecraft:andesite":7,"minecraft:fletching_table":2,"minecraft:deepslate_lapis_ore":9,"minecraft:anvil":2,"minecraft:gold_block":3,"minecraft:enchanting_table":3,"minecraft:potatoes":3,"minecraft:vine":1,"minecraft:cave_vines":2,"minecraft:deepslate_iron_ore":70,"minecraft:dirt_path":1,"minecraft:rail":2,"minecraft:stone":230,"minecraft:deepslate_redstone_ore":9,"minecraft:stone_brick_slab":1,"minecraft:crafting_table":9,"minecraft:short_grass":8,"minecraft:tall_grass":1,"minecraft:cobblestone":27,"minecraft:deepslate_coal_ore":2,"minecraft:cyan_bed":1,"minecraft:sugar_cane":2,"minecraft:oak_planks":9,"minecraft:purple_bed":1,"minecraft:spruce_log":77,"minecraft:stone_brick_stairs":1,"minecraft:oak_log":11,"minecraft:coal_ore":50,"minecraft:sand":15,"minecraft:gravel":1,"minecraft:dirt":15,"minecraft:cobweb":7,"minecraft:oak_leaves":4,"minecraft:deepslate":104,"minecraft:fern":2},"minecraft:custom":{"minecraft:mob_kills":112,"minecraft:interact_with_anvil":1,"minecraft:interact_with_crafting_table":34,"minecraft:leave_game":1,"minecraft:time_since_death":145184,"minecraft:climb_one_cm":1709,"minecraft:sprint_one_cm":492263,"minecraft:walk_one_cm":402370,"minecraft:damage_blocked_by_shield":1208,"minecraft:drop":45,"minecraft:talked_to_villager":20,"minecraft:play_time":145184,"minecraft:sneak_time":13897,"minecraft:walk_under_water_one_cm":23506,"minecraft:boat_one_cm":211603,"minecraft:jump":2817,"minecraft:walk_on_water_one_cm":19366,"minecraft:enchant_item":13,"minecraft:total_world_time":145184,"minecraft:interact_with_furnace":106,"minecraft:traded_with_villager":11,"minecraft:sleep_in_bed":6,"minecraft:time_since_rest":6879,"minecraft:damage_taken":1669,"minecraft:damage_dealt":19062,"minecraft:swim_one_cm":30043,"minecraft:fly_one_cm":456793,"minecraft:player_kills":2,"minecraft:open_chest":46,"minecraft:crouch_one_cm":42598,"minecraft:fall_one_cm":80616},"minecraft:used":{"minecraft:iron_shovel":30,"minecraft:enchanting_table":4,"minecraft:shield":28,"minecraft:iron_sword":248,"minecraft:cooked_salmon":4,"minecraft:cooked_chicken":2,"minecraft:iron_chestplate":1,"minecraft:torch":86,"minecraft:dirt":16,"minecraft:anvil":2,"minecraft:jungle_planks":8,"minecraft:carrot":1,"minecraft:granite":1,"minecraft:stone_brick_slab":1,"minecraft:iron_axe":83,"minecraft:iron_helmet":1,"minecraft:iron_boots":1,"minecraft:furnace":12,"minecraft:cooked_cod":3,"minecraft:potato":4,"minecraft:cooked_beef":5,"minecraft:cobbled_deepslate":26,"minecraft:iron_leggings":1,"minecraft:cooked_mutton":10,"minecraft:acacia_boat":2,"minecraft:water_bucket":18,"minecraft:stone_pickaxe":132,"minecraft:oak_planks":7,"minecraft:wooden_pickaxe":14,"minecraft:glow_berries":7,"minecraft:rail":1,"minecraft:crafting_table":10,"minecraft:white_bed":3,"minecraft:diamond_pickaxe":122,"minecraft:cyan_bed":1,"minecraft:iron_pickaxe":389,"minecraft:stone_axe":90,"minecraft:fire_charge":2,"minecraft:cobblestone":138,"minecraft:purple_bed":2,"minecraft:cooked_porkchop":9,"minecraft:bucket":18,"minecraft:oak_boat":1,"minecraft:bone_meal":4},"minecraft:crafted":{"minecraft:oak_planks":44,"minecraft:raw_iron":9,"minecraft:cooked_chicken":2,"minecraft:furnace":2,"minecraft:bone_meal":111,"minecraft:cooked_mutton":11,"minecraft:diamond_helmet":1,"minecraft:diamond_leggings":1,"minecraft:iron_boots":1,"minecraft:iron_axe":1,"minecraft:stone_pickaxe":1,"minecraft:diamond_boots":1,"minecraft:cooked_beef":5,"minecraft:emerald":11,"minecraft:cooked_porkchop":16,"minecraft:crafting_table":1,"minecraft:spruce_planks":36,"minecraft:enchanting_table":1,"minecraft:wooden_pickaxe":1,"minecraft:iron_helmet":1,"minecraft:iron_sword":2,"minecraft:bucket":1,"minecraft:stone_axe":1,"minecraft:air":0,"minecraft:jungle_planks":44,"minecraft:oak_boat":1,"minecraft:iron_chestplate":1,"minecraft:book":1,"minecraft:paper":3,"minecraft:diamond_pickaxe":1,"minecraft:shield":1,"minecraft:stick":72,"minecraft:iron_pickaxe":1,"minecraft:iron_ingot":90,"minecraft:iron_block":3,"minecraft:iron_shovel":1,"minecraft:iron_leggings":1,"minecraft:gold_ingot":27,"minecraft:anvil":1,"minecraft:torch":88,"minecraft:diamond_chestplate":1},"minecraft:dropped":{"minecraft:water_bucket":1,"minecraft:moss_block":4,"minecraft:lapis_lazuli":52,"minecraft:diamond":4,"minecraft:cooked_porkchop":3,"minecraft:iron_helmet":1,"minecraft:glow_berries":1,"minecraft:fletching_table":2,"minecraft:emerald":64,"minecraft:dirt":4,"minecraft:fire_charge":2,"minecraft:iron_leggings":1,"minecraft:iron_axe":1,"minecraft:sand":4,"minecraft:iron_pickaxe":1,"minecraft:bone":10,"minecraft:anvil":1,"minecraft:cocoa_beans":3,"minecraft:tuff":5,"minecraft:rotten_flesh":18,"minecraft:light_gray_wool":1,"minecraft:iron_boots":1,"minecraft:name_tag":1,"minecraft:cooked_mutton":1,"minecraft:salmon":3,"minecraft:filled_map":1,"minecraft:iron_chestplate":1,"minecraft:andesite":1,"minecraft:spider_eye":3,"minecraft:bow":1,"minecraft:stone_pickaxe":1,"minecraft:stone_brick_stairs":1,"minecraft:egg":2},"minecraft:picked_up":{"minecraft:cocoa_beans":3,"minecraft:crafting_table":9,"minecraft:chicken":2,"minecraft:anvil":3,"minecraft:gold_block":3,"minecraft:stone_brick_stairs":1,"minecraft:iron_axe":1,"minecraft:string":35,"minecraft:cobbled_deepslate":104,"minecraft:beef":9,"minecraft:iron_pickaxe":1,"minecraft:light_gray_wool":1,"minecraft:sugar_cane":7,"minecraft:egg":2,"minecraft:furnace":10,"minecraft:sandstone":11,"minecraft:raw_iron":95,"minecraft:torch":4,"minecraft:fire_charge":2,"minecraft:porkchop":20,"minecraft:redstone":13,"minecraft:rotten_flesh":18,"minecraft:arrow":22,"minecraft:mutton":11,"minecraft:glow_berries":8,"minecraft:obsidian":2,"minecraft:rail":1,"minecraft:white_wool":5,"minecraft:cobblestone":229,"minecraft:enchanting_table":4,"minecraft:water_bucket":1,"minecraft:salmon":3,"minecraft:andesite":1,"minecraft:jungle_log":11,"minecraft:leather":4,"minecraft:potato":9,"minecraft:tuff":5,"minecraft:oak_log":11,"minecraft:acacia_boat":2,"minecraft:lapis_lazuli":81,"minecraft:dirt":20,"minecraft:bone":32,"minecraft:bow":1,"minecraft:stone_pickaxe":1,"minecraft:iron_ingot":5,"minecraft:fletching_table":3,"minecraft:moss_block":4,"minecraft:oak_planks":9,"minecraft:stone_brick_slab":1,"minecraft:raw_iron_block":1,"minecraft:sand":4,"minecraft:jungle_planks":3,"minecraft:white_bed":3,"minecraft:spruce_log":85,"minecraft:cyan_bed":1,"minecraft:spider_eye":3,"minecraft:purple_bed":2,"minecraft:diamond":48,"minecraft:granite":1,"minecraft:emerald":64,"minecraft:coal":50,"minecraft:ender_pearl":2},"minecraft:killed":{"minecraft:spider":9,"minecraft:skeleton":32,"minecraft:chicken":2,"minecraft:pig":14,"minecraft:iron_golem":1,"minecraft:creeper":7,"minecraft:sheep":6,"minecraft:zombie":33,"minecraft:enderman":1,"minecraft:cow":4}},"DataVersion":3953}