{"stats":{"minecraft:mined":{"minecraft:short_grass":4,"minecraft:grass_block":1,"minecraft:oak_log":6,"minecraft:dirt_path":1,"minecraft:dirt":1},"minecraft:used":{"minecraft:dirt":1,"minecraft:crafting_table":1,"minecraft:wooden_pickaxe":2},"minecraft:custom":{"minecraft:time_since_rest":1435,"minecraft:crouch_one_cm":426,"minecraft:play_time":1435,"minecraft:sprint_one_cm":3121,"minecraft:walk_one_cm":2842,"minecraft:sneak_time":173,"minecraft:jump":18,"minecraft:time_since_death":1435,"minecraft:total_world_time":1435,"minecraft:interact_with_crafting_table":1,"minecraft:fall_one_cm":743,"minecraft:fly_one_cm":5656},"minecraft:crafted":{"minecraft:oak_planks":24,"minecraft:crafting_table":1,"minecraft:stick":4,"minecraft:wooden_pickaxe":1},"minecraft:picked_up":{"minecraft:oak_log":6,"minecraft:dirt":3}},"DataVersion":3953}