{"stats":{"minecraft:mined":{"minecraft:oak_log":3,"minecraft:white_bed":1,"minecraft:wall_torch":1,"minecraft:deepslate":4,"minecraft:crafting_table":2},"minecraft:used":{"minecraft:stone_axe":2,"minecraft:torch":1,"minecraft:crafting_table":3,"minecraft:stone_pickaxe":4,"minecraft:white_bed":1,"minecraft:cobbled_deepslate":4},"minecraft:custom":{"minecraft:time_since_rest":0,"minecraft:open_chest":4,"minecraft:crouch_one_cm":364,"minecraft:play_time":5915,"minecraft:sprint_one_cm":19597,"minecraft:damage_taken":60,"minecraft:walk_one_cm":19081,"minecraft:sneak_time":93,"minecraft:jump":148,"minecraft:damage_dealt":38,"minecraft:time_since_death":5915,"minecraft:sleep_in_bed":4,"minecraft:total_world_time":5915,"minecraft:fall_one_cm":1592,"minecraft:interact_with_crafting_table":2,"minecraft:fly_one_cm":17338},"minecraft:crafted":{"minecraft:oak_planks":12,"minecraft:stone_shovel":1,"minecraft:stone_axe":1,"minecraft:crafting_table":1,"minecraft:stick":8,"minecraft:wooden_pickaxe":1,"minecraft:stone_pickaxe":1},"minecraft:picked_up":{"minecraft:crafting_table":2,"minecraft:torch":1,"minecraft:cobbled_deepslate":4,"minecraft:oak_log":3,"minecraft:white_bed":1,"minecraft:cobblestone":7}},"DataVersion":3953}