{"stats":{"minecraft:broken":{"minecraft:stone_axe":1,"minecraft:stone_shovel":1},"minecraft:mined":{"minecraft:white_bed":1,"minecraft:cherry_log":191,"minecraft:crafting_table":3,"minecraft:short_grass":12,"minecraft:grass_block":145,"minecraft:melon":13,"minecraft:tall_grass":6,"minecraft:wall_torch":1,"minecraft:pink_petals":33,"minecraft:birch_log":4,"minecraft:iron_ore":1,"minecraft:black_bed":1,"minecraft:oak_log":8,"minecraft:coal_ore":4,"minecraft:vine":2,"minecraft:cherry_leaves":30,"minecraft:dirt":19,"minecraft:stone":16,"minecraft:deepslate":4},"minecraft:killed_by":{"minecraft:drowned":1},"minecraft:custom":{"minecraft:mob_kills":26,"minecraft:interact_with_crafting_table":10,"minecraft:leave_game":1,"minecraft:time_since_death":28302,"minecraft:sleep_in_bed":8,"minecraft:climb_one_cm":260,"minecraft:time_since_rest":3335,"minecraft:sprint_one_cm":295152,"minecraft:damage_taken":700,"minecraft:walk_one_cm":176752,"minecraft:drop":1,"minecraft:damage_dealt":2718,"minecraft:swim_one_cm":17328,"minecraft:fly_one_cm":799911,"minecraft:open_chest":4,"minecraft:crouch_one_cm":1744,"minecraft:play_time":89584,"minecraft:deaths":1,"minecraft:sneak_time":533,"minecraft:walk_under_water_one_cm":2199,"minecraft:boat_one_cm":405665,"minecraft:jump":3260,"minecraft:walk_on_water_one_cm":5710,"minecraft:total_world_time":89584,"minecraft:fall_one_cm":100863},"minecraft:used":{"minecraft:cherry_sapling":8,"minecraft:stone_shovel":132,"minecraft:stone_pickaxe":9,"minecraft:oak_planks":1,"minecraft:wooden_pickaxe":17,"minecraft:birch_boat":9,"minecraft:cherry_planks":1,"minecraft:white_wool":9,"minecraft:torch":1,"minecraft:dirt":18,"minecraft:mutton":6,"minecraft:crafting_table":8,"minecraft:white_bed":2,"minecraft:black_bed":2,"minecraft:bread":9,"minecraft:melon_slice":46,"minecraft:stone_axe":317,"minecraft:egg":1,"minecraft:oak_boat":1,"minecraft:cobbled_deepslate":4},"minecraft:dropped":{"minecraft:string":1},"minecraft:crafted":{"minecraft:cherry_planks":20,"minecraft:oak_planks":32,"minecraft:stone_shovel":3,"minecraft:crafting_table":5,"minecraft:birch_boat":2,"minecraft:wooden_pickaxe":2,"minecraft:birch_planks":16,"minecraft:stone_axe":5,"minecraft:oak_boat":1,"minecraft:stick":16,"minecraft:stone_pickaxe":1,"minecraft:white_bed":1},"minecraft:picked_up":{"minecraft:birch_log":4,"minecraft:pink_petals":100,"minecraft:crafting_table":3,"minecraft:feather":1,"minecraft:chicken":1,"minecraft:black_bed":1,"minecraft:leather":5,"minecraft:oak_log":8,"minecraft:lily_pad":2,"minecraft:string":1,"minecraft:dirt":164,"minecraft:bone":1,"minecraft:wheat_seeds":7,"minecraft:cobbled_deepslate":4,"minecraft:beef":6,"minecraft:bamboo":2,"minecraft:melon_slice":46,"minecraft:egg":2,"minecraft:stick":7,"minecraft:raw_iron":1,"minecraft:birch_boat":7,"minecraft:torch":1,"minecraft:porkchop":13,"minecraft:cherry_log":195,"minecraft:white_bed":1,"minecraft:arrow":2,"minecraft:cherry_sapling":20,"minecraft:gray_wool":2,"minecraft:bread":17,"minecraft:black_wool":1,"minecraft:coal":4,"minecraft:mutton":25,"minecraft:white_wool":12,"minecraft:cobblestone":23},"minecraft:killed":{"minecraft:pig":6,"minecraft:skeleton":1,"minecraft:sheep":13,"minecraft:zombie":2,"minecraft:chicken":1,"minecraft:cow":2}},"DataVersion":3953}