{"stats":{"minecraft:mined":{"minecraft:white_bed":1,"minecraft:crafting_table":2,"minecraft:short_grass":2,"minecraft:oak_log":3,"minecraft:melon":13,"minecraft:deepslate":4,"minecraft:wall_torch":1},"minecraft:used":{"minecraft:melon_slice":14,"minecraft:stone_pickaxe":4,"minecraft:stone_axe":41,"minecraft:torch":1,"minecraft:crafting_table":3,"minecraft:white_bed":1,"minecraft:egg":1,"minecraft:cobbled_deepslate":4},"minecraft:custom":{"minecraft:time_since_rest":11729,"minecraft:sprint_one_cm":67152,"minecraft:damage_taken":120,"minecraft:walk_one_cm":79090,"minecraft:mob_kills":18,"minecraft:damage_dealt":1558,"minecraft:swim_one_cm":1689,"minecraft:interact_with_crafting_table":2,"minecraft:fly_one_cm":132955,"minecraft:open_chest":4,"minecraft:crouch_one_cm":437,"minecraft:play_time":17915,"minecraft:sneak_time":97,"minecraft:walk_under_water_one_cm":358,"minecraft:jump":681,"minecraft:walk_on_water_one_cm":146,"minecraft:time_since_death":17915,"minecraft:sleep_in_bed":4,"minecraft:total_world_time":17915,"minecraft:fall_one_cm":17836},"minecraft:crafted":{"minecraft:oak_planks":12,"minecraft:stone_shovel":1,"minecraft:crafting_table":1,"minecraft:stick":8,"minecraft:wooden_pickaxe":1,"minecraft:stone_pickaxe":1,"minecraft:stone_axe":1},"minecraft:picked_up":{"minecraft:crafting_table":2,"minecraft:feather":1,"minecraft:chicken":1,"minecraft:leather":2,"minecraft:torch":1,"minecraft:porkchop":10,"minecraft:oak_log":3,"minecraft:white_bed":1,"minecraft:cobbled_deepslate":4,"minecraft:beef":3,"minecraft:gray_wool":2,"minecraft:bamboo":2,"minecraft:melon_slice":46,"minecraft:black_wool":1,"minecraft:mutton":21,"minecraft:white_wool":9,"minecraft:cobblestone":7,"minecraft:egg":2},"minecraft:killed":{"minecraft:sheep":11,"minecraft:pig":5,"minecraft:chicken":1,"minecraft:cow":1}},"DataVersion":3953}