{
  "minecraft:recipes/food/cake": {
    "criteria": {
      "has_egg": "2024-07-06 01:32:03 +0000"
    },
    "done": true
  },
  "minecraft:recipes/food/cooked_chicken_from_campfire_cooking": {
    "criteria": {
      "has_chicken": "2024-07-06 01:38:27 +0000"
    },
    "done": true
  },
  "minecraft:recipes/building_blocks/jungle_wood": {
    "criteria": {
      "has_log": "2024-07-06 01:32:23 +0000"
    },
    "done": true
  },
  "minecraft:recipes/building_blocks/jungle_planks": {
    "criteria": {
      "has_logs": "2024-07-06 01:32:23 +0000"
    },
    "done": true
  },
  "minecraft:recipes/food/cooked_chicken": {
    "criteria": {
      "has_chicken": "2024-07-06 01:38:27 +0000"
    },
    "done": true
  },
  "minecraft:recipes/building_blocks/glass": {
    "criteria": {
      "has_smelts_to_glass": "2024-07-06 01:40:50 +0000"
    },
    "done": true
  },
  "minecraft:recipes/food/cooked_chicken_from_smoking": {
    "criteria": {
      "has_chicken": "2024-07-06 01:38:27 +0000"
    },
    "done": true
  },
  "minecraft:husbandry/bred_all_animals": {
    "criteria": {
      "minecraft:panda": "2024-07-06 01:33:22 +0000"
    },
    "done": false
  },
  "minecraft:recipes/misc/charcoal": {
    "criteria": {
      "has_log": "2024-07-06 01:32:23 +0000"
    },
    "done": true
  },
  "minecraft:recipes/decorations/crafting_table": {
    "criteria": {
      "unlock_right_away": "2024-07-06 01:29:47 +0000"
    },
    "done": true
  },
  "minecraft:recipes/building_blocks/red_sandstone": {
    "criteria": {
      "has_sand": "2024-07-06 01:40:50 +0000"
    },
    "done": true
  },
  "minecraft:adventure/root": {
    "criteria": {
      "killed_something": "2024-07-06 01:38:26 +0000"
    },
    "done": true
  },
  "minecraft:recipes/misc/red_dye_from_poppy": {
    "criteria": {
      "has_poppy": "2024-07-06 01:31:46 +0000"
    },
    "done": true
  },
  "minecraft:adventure/adventuring_time": {
    "criteria": {
      "minecraft:badlands": "2024-07-06 01:40:39 +0000",
      "minecraft:desert": "2024-07-06 01:30:26 +0000",
      "minecraft:forest": "2024-07-06 01:31:23 +0000",
      "minecraft:sparse_jungle": "2024-07-06 01:32:09 +0000",
      "minecraft:river": "2024-07-06 01:31:30 +0000",
      "minecraft:savanna": "2024-07-06 01:29:48 +0000",
      "minecraft:wooded_badlands": "2024-07-06 01:39:40 +0000",
      "minecraft:bamboo_jungle": "2024-07-06 01:33:03 +0000",
      "minecraft:plains": "2024-07-06 01:31:41 +0000"
    },
    "done": false
  },
  "minecraft:recipes/misc/stick_from_bamboo_item": {
    "criteria": {
      "has_bamboo": "2024-07-06 01:33:02 +0000"
    },
    "done": true
  },
  "minecraft:husbandry/balanced_diet": {
    "criteria": {
      "cooked_porkchop": "2024-07-06 01:38:08 +0000"
    },
    "done": false
  },
  "minecraft:recipes/building_blocks/bamboo_block": {
    "criteria": {
      "has_bamboo": "2024-07-06 01:33:02 +0000"
    },
    "done": true
  },
  "minecraft:husbandry/root": {
    "criteria": {
      "consumed_item": "2024-07-06 01:38:08 +0000"
    },
    "done": true
  },
  "minecraft:recipes/decorations/scaffolding": {
    "criteria": {
      "has_bamboo": "2024-07-06 01:33:02 +0000"
    },
    "done": true
  },
  "minecraft:husbandry/breed_an_animal": {
    "criteria": {
      "bred": "2024-07-06 01:33:22 +0000"
    },
    "done": true
  },
  "DataVersion": 3953
}